smiles,DSSTox_CID,Formula,FW,NR-AR,NR-AR-LBD,NR-AhR,NR-Aromatase,NR-ER,NR-ER-LBD,NR-PPAR-gamma,SR-ARE,SR-ATAD5,SR-HSE,SR-MMP,SR-p53,Compound ID,Sample ID,Stoichiometry,Alt ID,PUBCHEM_SID
C[C@]12C=CC(=O)C=C1CC[C@@H]1C2=CC[C@]2(C)[C@@H](C(=O)CN3CCN(c4cc(N5CCCC5)nc(N5CCCC5)n4)CC3)CC[C@@H]12.O=C(O)/C=C\C(=O)O,,,,,,,,,,,,,,,,NCGC00261900,NCGC00261900-01,0,U 5882,
Nc1ncnc2c1nc(Br)n2C1OC2CO[P@@](=O)([O-])O[C@@H]2C1O.[Na+],,,,,,,,,,,,,,,,NCGC00260869,NCGC00260869-01,0,B 7880,
O=c1c2ccccc2nc2n1CCc1c-2[nH]c2ccccc12,,,,,,,,,,,,,,,,NCGC00261776,NCGC00261776-01,0,R 3277,
Cl.Fc1ccc(C(OCCCc2c[nH]cn2)c2ccc(F)cc2)cc1,,,,,,,,,,,,,,,,NCGC00261380,NCGC00261380-01,0,I-160,
Cc1ccc(S(=O)(=O)N[C@@H](Cc2ccccc2)C(=O)CCl)cc1,,,,,,,,,,,,,,,,NCGC00261842,NCGC00261842-01,0,T 4376,
Cl.Nc1ccc(-c2ccc3ccccc3n2)cc1,,,,,,,,,,,,,,,,NCGC00261662,NCGC00261662-01,0,B 4311,
O=C1NC(=O)/C(=C/c2ccc3c(c2)OC(F)(F)O3)S1,,,,,,,,,,,,,,,,NCGC00261190,NCGC00261190-01,0,A 0231,
CCc1ccc(/C=C2/SC(=S)NC2=O)cc1,,,,,,,,,,,,,,,,NCGC00260731,NCGC00260731-01,0,F3680,
C=CCc1cccc(/C=N/NC(=O)CN2CCN(Cc3ccccc3)CC2)c1O,,,,,,,,,,,,,,,,NCGC00261926,NCGC00261926-01,0,P0115,
CCN1/C(=C/C(C)=O)Sc2ccc(OC)cc21,,,,,,,,,,,,,,,,NCGC00261579,NCGC00261579-01,0,T 5575,
O=C1NC(=O)c2cc(Nc3ccccc3)c(Nc3ccccc3)cc21,,,,,,,,,,,,,,,,NCGC00260921,NCGC00260921-01,0,D 3943,
CCn1c(=O)[nH]c2cc(Cl)c(Cl)cc21,,,,,,,,,,,,,,,,NCGC00261119,NCGC00261119-01,0,D 9190,
Clc1ccc(C(c2ccc(Cl)cc2)[n+]2ccn(CC(OCc3ccc(Cl)cc3Cl)c3ccc(Cl)cc3Cl)c2)cc1.[Cl-],,,,,,,,,,,,,,,,NCGC00260957,NCGC00260957-01,0,C 3930,
COc1cc2ncnc(Nc3cccc(Cl)c3)c2cc1OC,,,,,,,,,,,,,,,,NCGC00261812,NCGC00261812-01,0,T 4182,
O=C1Nc2ccccc2/C1=C1\Nc2ccccc2\C1=N\O,,,,,,,,,,,,,,,,NCGC00260831,NCGC00260831-01,0,I0404,
CCCCCCCCCCC(C)(C)C(=O)Nc1c(OC)cc(OC)cc1OC,,,,,,,,,,,,,,,,NCGC00261544,NCGC00261544-01,0,C3743,
Cn1cc(C2=C(c3ccc(Cl)cc3Cl)C(=O)NC2=O)c2ccccc21,,,,,,,,,,,,,,,,NCGC00261619,NCGC00261619-01,0,S 3442,
CCCCCCCCCCCCCCCC(=O)OC(CC(=O)O)C[N+](C)(C)C.[Cl-],,,,,,,,,,,,,,,,NCGC00261633,NCGC00261633-01,0,P 4509,
Cl.O=c1cc(N2CCOCC2)oc2c(-c3ccccc3)cccc12,,,,,,,,,,,,,,,,NCGC00261395,NCGC00261395-01,0,L 9908,
CCCCCCCCCCCCCC(=O)O[C@@H]1[C@@H](C)[C@@]2(O)[C@@H](C=C(CO)C[C@@]3(O)C(=O)C(C)=C[C@@H]23)[C@@H]2C(C)(C)[C@]12OC(C)=O,,,,,,,,,,,,,,,,NCGC00261717,NCGC00261717-01,0,P 8139,
C/C=C(/C)C(=O)O[C@H]1C(C)=C2[C@H]([C@@H]1OC(=O)CCCCCCC)[C@@](C)(OC(C)=O)C[C@H](OC(=O)CCC)[C@@]1(O)[C@H]2OC(=O)[C@@]1(C)O,,,,,,,,,,,,,,,,NCGC00261947,NCGC00261947-01,0,T 9033,
COc1cc2c(cc1O)CC[C@@H]1[C@@H]2CC[C@]2(C)[C@@H](O)CC[C@@H]12,,,,,,,,,,,,,,,,NCGC00261424,NCGC00261424-01,0,M 6383,
C/C(=C\c1ccc(C(=O)O)cc1)c1ccc2c(c1)C(C)(C)CCC2(C)C,,,,,,,,,,,,,,,,NCGC00261861,NCGC00261861-01,0,T 3757,
CCCCCCCCc1ccc(-c2ccc(C(=O)O)cc2)cc1,,,,,,,,,,,,,,,,NCGC00261924,NCGC00261924-01,0,A9480,
[Cl-].c1ccc2c(c1)[I+]c1ccccc1-2,,,,,,,,,,,,,,,,NCGC00261052,NCGC00261052-01,0,D 2926,
CS(=O)(=O)O.N=C(NC(=O)c1nc(Cl)c(N)nc1N)Nc1ccccc1,,,,,,,,,,,,,,,,NCGC00261683,NCGC00261683-01,0,P-203,
CC[C@@]1(O)C(=O)OCc2c1cc1n(c2=O)Cc2cc3ccccc3nc2-1,,,,,,,,,,,,,,,,NCGC00261026,NCGC00261026-01,0,C 9911,
CC(C)(C)NCC(O)COc1cccc2[nH]c(=O)[nH]c12.Cl,,,,,,,,,,,,,,,,NCGC00261057,NCGC00261057-01,0,C-125,
COC1(C2=NCCN2)COc2ccccc2O1.Cl,,,,,,,,,,,,,,,,NCGC00261738,NCGC00261738-01,0,R 9525,
CC(=N)NCCCC[C@@H](N)C(=O)O.Cl,,,,,,,,,,,,,,,,NCGC00261348,NCGC00261348-01,0,I 8021,
N=C(NCCC[C@H](N)C(=O)O)N[N+](=O)[O-],,,,,,,,,,,,,,,,NCGC00261503,NCGC00261503-01,0,N 5501,
NC(CCCCCP(=O)(O)O)C(=O)O,,,,,,,,,,,,,,,,NCGC00260693,NCGC00260693-01,0,A 5157,
NC(CCCP(=O)(O)O)C(=O)O,,,,,,,,,,,,,,,,NCGC00260703,NCGC00260703-01,0,A 5282,
Cl.NCCCCC(=O)O,,,,,,,,,,,,,,,,NCGC00260716,NCGC00260716-01,0,194336,
N[C@@]1(C(=O)O)CC[C@@H](C(=O)O)C1,,,,,,,,,,,,,,,,NCGC00260782,NCGC00260782-01,0,A-155,
Cl.NC1(C(=O)O)CCCCC1,,,,,,,,,,,,,,,,NCGC00260802,NCGC00260802-01,0,A-162,
C#CC(N)CCC(=O)O,,,,,,,,,,,,,,,,NCGC00260823,NCGC00260823-01,0,A-230,
CCCCCC(O)CCCC(=O)[O-].[Na+],,,,,,,,,,,,,,,,NCGC00261313,NCGC00261313-01,0,H-135,
Cl.NC1(C(=O)O)CC1,,,,,,,,,,,,,,,,NCGC00260757,NCGC00260757-01,0,A 0430,
C=CC[C@H](N)C(=O)O,,,,,,,,,,,,,,,,NCGC00260826,NCGC00260826-01,0,A 7762,
N=C(N)NOCC[C@H](N)C(=O)O.O=S(=O)(O)O,,,,,,,,,,,,,,,,NCGC00261005,NCGC00261005-01,0,C 9758,
C[C@H](Cc1ccc2c(c1)OC(C(=O)[O-])(C(=O)[O-])O2)NC[C@H](O)c1cccc(Cl)c1.[Na+].[Na+],,,,,,,,,,,,,,,,NCGC00260980,NCGC00260980-01,0,C 5976,
CCc1ccccc1OC[C@@H](O)CN[C@H]1CCc2ccccc2C1.O=C(O)C(=O)O,,,,,,,,,,,,,,,,NCGC00261816,NCGC00261816-01,0,S 8688,
CN(CC[C@@H](Oc1ccc(C(F)(F)F)cc1)c1ccccc1)CC(=O)[O-].[Li+],,,,,,,,,,,,,,,,NCGC00260698,NCGC00260698-01,0,O7639,
CCCCOc1cc(CC2CNC(=O)N2)ccc1OC,,,,,,,,,,,,,,,,NCGC00260889,NCGC00260889-01,0,B 8279,
CN1C2CCC1CC(OC(c1ccccc1)c1ccccc1N)C2,,,,,,,,,,,,,,,,NCGC00260811,NCGC00260811-01,0,A-138,
CC(C)C[C@H](NC(=O)C1OC1C(=O)O)C(=O)NCCCCNC(=N)N,,,,,,,,,,,,,,,,NCGC00261165,NCGC00261165-01,0,E 3132,
CC(C)[C@H]1CN[C@H](C(=O)O)[C@H]1CC(=O)O,,,,,,,,,,,,,,,,NCGC00261060,NCGC00261060-01,0,D 1064,
CC(=O)N[C@H](C(=O)O)C(C)(C)SN=O,,,,,,,,,,,,,,,,NCGC00261541,NCGC00261541-01,0,N 3398,
O=C(O)[C@H]1NCCC[C@H]1C(=O)O,,,,,,,,,,,,,,,,NCGC00261649,NCGC00261649-01,0,P 8782,
COc1ccc2c(c1O)-c1cccc3c1[C@@H](C2)N(C)CC3.Cl,,,,,,,,,,,,,,,,NCGC00261110,NCGC00261110-01,0,D-003,
Br.CN1CCc2cc(O)cc3c2[C@H]1Cc1ccc(O)c(O)c1-3,,,,,,,,,,,,,,,,NCGC00261130,NCGC00261130-01,0,D-029,
O=[N+]([O-])c1cccc2c(Br)n[nH]c12,,,,,,,,,,,,,,,,NCGC00260846,NCGC00260846-01,0,B 2050,
O=c1[nH]c2cc([N+](=O)[O-])c([N+](=O)[O-])cc2[nH]c1=O,,,,,,,,,,,,,,,,NCGC00261030,NCGC00261030-01,0,D 0540,
O=[N+]([O-])c1cc(O)c(O)c([N+](=O)[O-])c1,,,,,,,,,,,,,,,,NCGC00261162,NCGC00261162-01,0,D-131,
Oc1cc2c(cc1O)CN(C(=S)NCCc1ccc(Cl)cc1)CCC2,,,,,,,,,,,,,,,,NCGC00261058,NCGC00261058-01,0,C-191,
Cl.c1ccc(CN2CCC3(CCCc4ccccc43)CC2)cc1,,,,,,,,,,,,,,,,NCGC00261404,NCGC00261404-01,0,L 8539,
Cc1cccc(C#Cc2ccccc2)n1.Cl,,,,,,,,,,,,,,,,NCGC00261423,NCGC00261423-01,0,M 5435,
Cc1cccc(/C=C/c2ccccc2)n1,,,,,,,,,,,,,,,,NCGC00261856,NCGC00261856-01,0,S 9311,
COc1ccc2c(c1)CCC1C2CC[C@@]2(C)C1CC[C@@H]2NCCCCCCN1C(=O)CCC1=O,,,,,,,,,,,,,,,,NCGC00261342,NCGC00261342-01,0,U 6881,
N=S(=O)([O-])Cc1noc2ccccc12.[Na+],,,,,,,,,,,,,,,,NCGC00261935,NCGC00261935-01,0,Z 2001,
N#Cc1cc2nc([O][Na])c([O][Na])nc2cc1[N+](=O)[O-],,,,,,,,,,,,,,,,NCGC00261069,NCGC00261069-01,0,C-239,
COc1ccc(CCn2nnnc2C2(c3ccc(C)cc3)CC2)cc1,,,,,,,,,,,,,,,,NCGC00261101,NCGC00261101-01,0,M 7945,
C[C@@H](Cc1ccc(C=O)cc1)NC[C@@H](O)c1ccc(O)c(NCO)c1.C[C@@H](Cc1ccc(C=O)cc1)NC[C@@H](O)c1ccc(O)c(NCO)c1.O=C(O)/C=C/C(=O)O,,,,,,,,,,,,,,,,NCGC00261183,NCGC00261183-01,0,F 9552,
CCCCCCCCCC(=O)NC(CN1CCOCC1)[C@H](O)c1ccccc1.Cl,,,,,,,,,,,,,,,,NCGC00261716,NCGC00261716-01,0,P 7340,
CCCCCCCCCC[Si](C)(C)CCC(=O)NC(Cc1ccc(C)cc1)c1ccccc1,,,,,,,,,,,,,,,,NCGC00260742,NCGC00260742-01,0,S 9318,
CC(C)N(CCC(=O)c1ccc2ccccc2c1)Cc1ccccc1.Cl,,,,,,,,,,,,,,,,NCGC00261529,NCGC00261529-01,0,Z 4626,
c1ccc(C(NCc2cccnc2)(c2ccccc2)c2ccccc2)cc1,,,,,,,,,,,,,,,,NCGC00261170,NCGC00261170-01,0,U6758,
Cl.O=C(O)C1=CCCN(CCON=C(c2ccccc2)c2ccccc2)C1,,,,,,,,,,,,,,,,NCGC00261565,NCGC00261565-01,0,N-142,
Oc1cc(-c2ccccc2)nc2nc(Cl)ccc12,,,,,,,,,,,,,,,,NCGC00260990,NCGC00260990-01,0,C 5982,
Oc1cccc2c(O)nccc12,,,,,,,,,,,,,,,,NCGC00261340,NCGC00261340-01,0,I-138,
O=C(c1ccc2c(c1)OCCO2)N1CCCCC1,,,,,,,,,,,,,,,,NCGC00261079,NCGC00261079-01,0,C-271,
CN(C(=O)Cc1ccc(Cl)c(Cl)c1)C(CN1CCCC1)c1cccc(OCC(=O)O)c1.Cl,,,,,,,,,,,,,,,,NCGC00261389,NCGC00261389-01,0,I-122,
CC1CCN(CC[C@H]2CCCN2S(=O)(=O)c2cccc(O)c2)CC1.Cl,,,,,,,,,,,,,,,,NCGC00261744,NCGC00261744-01,0,S 7389,
Cn1ncc(S(=O)(=O)Cc2ccccc2)c(Br)c1=O,,,,,,,,,,,,,,,,NCGC00261420,NCGC00261420-01,0,B7936,
CC(C)(Sc1ccc(CCN(CCCCC2CCCCC2)C(=O)NC2CCCCC2)cc1)C(=O)O,,,,,,,,,,,,,,,,NCGC00261215,NCGC00261215-01,0,G 6793,
Cl.O=C(Cc1ccc(Cl)c(Cl)c1)N1CCCCC1CN1CCCC1,,,,,,,,,,,,,,,,NCGC00261826,NCGC00261826-01,0,B 5559,
Brc1ccc([C@H]2CN3CCSC3=N2)cc1.O=C(O)C(=O)O,,,,,,,,,,,,,,,,NCGC00260706,NCGC00260706-01,0,190047,
O=C(O)c1cc(O)c2c(Cl)cc(Cl)cc2n1,,,,,,,,,,,,,,,,NCGC00261123,NCGC00261123-01,0,D-138,
CC1CNCCN1S(=O)(=O)c1cccc2cnccc12.Cl.Cl,,,,,,,,,,,,,,,,NCGC00261367,NCGC00261367-01,0,I 7016,
CNCCNS(=O)(=O)c1cccc2cnccc12.Cl.Cl,,,,,,,,,,,,,,,,NCGC00261507,NCGC00261507-01,0,M 9656,
CCc1cc(Cl)c(OC)c(C(=O)NC[C@@H]2CCN(CC)C2)c1O.Cl,,,,,,,,,,,,,,,,NCGC00261169,NCGC00261169-01,0,E-101,
CNc1cc(NS(=O)(=O)c2ccc(N)cc2)nc(NC)n1.Cl.Cl,,,,,,,,,,,,,,,,NCGC00261730,NCGC00261730-01,0,R-140,
Cl.O=C(N[C@H]1CN2CCC1CC2)c1ccc(Cl)cc1,,,,,,,,,,,,,,,,NCGC00261624,NCGC00261624-01,0,P6499,
O=C(O)CCC(C(=O)O)N1C(=O)c2ccccc2C1=O,,,,,,,,,,,,,,,,NCGC00261641,NCGC00261641-01,0,P 1801,
N#C/C(=C\c1ccc(O)c(O)c1)C(=O)NCCc1ccccc1,,,,,,,,,,,,,,,,NCGC00261853,NCGC00261853-01,0,T 5193,
Cl.c1ccc2sc(C3(N4CCCCC4)CCCCC3)cc2c1,,,,,,,,,,,,,,,,NCGC00260911,NCGC00260911-01,0,B-138,
C=CCc1ccc([N+](C)(C)CCC(=O)CC[N+](C)(C)c2ccc(CC=C)cc2)cc1.[Br-].[Br-],,,,,,,,,,,,,,,,NCGC00260798,NCGC00260798-01,0,A 9013,
CN1CCc2ccccc2Cc2[nH]c3ccccc3c2CC1,,,,,,,,,,,,,,,,NCGC00261384,NCGC00261384-01,0,L 8401,
CC[C@H](NC(=O)c1c(C)c(-c2ccccc2)nc2ccccc12)c1ccccc1,,,,,,,,,,,,,,,,NCGC00260785,NCGC00260785-01,0,S 5192,
NS(=O)(=O)c1cccc2c1c([N+](=O)[O-])cc1nc([O-])c([O-])nc12.[Na+].[Na+],,,,,,,,,,,,,,,,NCGC00261597,NCGC00261597-01,0,N-183,
CCC(=O)N1CCN(C(=O)c2ccccc2)CC1,,,,,,,,,,,,,,,,NCGC00261025,NCGC00261025-01,0,D 5689,
NC(N)=NC(=O)c1nc(Cl)c(N2CCCCCC2)nc1N,,,,,,,,,,,,,,,,NCGC00260789,NCGC00260789-01,0,A 9561,
Nc1nc(OCc2ccccc2)c2nc[nH]c2n1,,,,,,,,,,,,,,,,NCGC00260866,NCGC00260866-01,0,B 2292,
CCCCCC[C@@H]([C@@H](C)O)n1cnc2c(N)ncnc21.Cl,,,,,,,,,,,,,,,,NCGC00261189,NCGC00261189-01,0,E-114,
Oc1ccc(Cn2ccnc2S)cc1,,,,,,,,,,,,,,,,NCGC00261270,NCGC00261270-01,0,H 6892,
CSc1ccccc1N1CCN(CCCCCC(=O)NC2CCCc3ccccc32)CC1.Cl,,,,,,,,,,,,,,,,NCGC00261611,NCGC00261611-01,0,L9793,
CC[n+]1c(/C=C/C=C2/N(C)c3ccccc3C2(C)C)sc2ccccc21.[I-],,,,,,,,,,,,,,,,NCGC00261160,NCGC00261160-01,0,A9605,
C[N+]1(C)CCN(c2ccccc2)CC1.[I-],,,,,,,,,,,,,,,,NCGC00261085,NCGC00261085-01,0,D 5891,
Nc1ccc(CCN2CCN(c3cccc(C(F)(F)F)c3)CC2)cc1,,,,,,,,,,,,,,,,NCGC00261817,NCGC00261817-01,0,S-009,
Cl.c1ccc2c(N3CCNCC3)cccc2c1,,,,,,,,,,,,,,,,NCGC00261866,NCGC00261866-01,0,S-003,
Cl.c1ccc2nc(C3=NCCN3)ccc2c1,,,,,,,,,,,,,,,,NCGC00260852,NCGC00260852-01,0,B-154,
Cc1nccc2c1[nH]c1ccccc12,,,,,,,,,,,,,,,,NCGC00261290,NCGC00261290-01,0,H 7258,
O=C(c1ccc(Cl)cc1)N1CCN(c2ccc([N+](=O)[O-])c3ncccc23)CC1,,,,,,,,,,,,,,,,NCGC00261304,NCGC00261304-01,0,C 3118,
C=CCNc1ncnc2ccc(Br)cc12,,,,,,,,,,,,,,,,NCGC00261704,NCGC00261704-01,0,S 8197,
COc1ccccc1N1CCN(CCCCNC(=O)c2ccc3ccccc3c2)CC1,,,,,,,,,,,,,,,,NCGC00260850,NCGC00260850-01,0,B 9308,
COc1cccc(C(=O)NCCN2CCN(c3ccc(Cl)cc3)CC2)c1,,,,,,,,,,,,,,,,NCGC00260972,NCGC00260972-01,0,C 7230,
CC[N+](CC)(CC)CC(=O)Nc1c(C)cccc1C.[Br-],,,,,,,,,,,,,,,,NCGC00261364,NCGC00261364-01,0,L 5783,
Cc1cc(NC2CCCCC2)nc(-n2nc(C)cc2C)n1,,,,,,,,,,,,,,,,NCGC00261392,NCGC00261392-01,0,C5493,
O=c1onc2cnc3ccccc3n12,,,,,,,,,,,,,,,,NCGC00261638,NCGC00261638-01,0,O 3636,
CC1C(=O)N(C)C(=O)c2[nH]cnc21,,,,,,,,,,,,,,,,NCGC00261820,NCGC00261820-01,0,T 1633,
C[C@H](O)C(=O)C1=Nc2c(nc(N)[nH]c2=O)NC1,,,,,,,,,,,,,,,,NCGC00261808,NCGC00261808-01,0,S-154,
Cl.c1ccc(CN(Cc2ncc[nH]2)c2ccccc2)cc1,,,,,,,,,,,,,,,,NCGC00260790,NCGC00260790-01,0,A 9899,
Cc1cc(NC(=O)Nc2ccc3c(ccn3C)c2)sn1,,,,,,,,,,,,,,,,NCGC00260940,NCGC00260940-01,0,S 0693,
Cc1nn(-c2ccccc2)c(C)c1C=NN1CCN(Cc2ccccc2)CC1,,,,,,,,,,,,,,,,NCGC00261081,NCGC00261081-01,0,S4572,
Cc1cc2c(cc1Cl)N(C(=O)Nc1ccnc3ccccc13)CC2,,,,,,,,,,,,,,,,NCGC00261506,NCGC00261506-01,0,S 1068,
Clc1ccc2c(c1)N=C(N1CCNCC1)c1ccccc1N2,,,,,,,,,,,,,,,,NCGC00261133,NCGC00261133-01,0,D5676,
Cc1cccc(-c2[nH]c(C(C)(C)C)nc2-c2ccc3nccnc3c2)n1,,,,,,,,,,,,,,,,NCGC00261399,NCGC00261399-01,0,S 8822,
O=C(O)c1ccccc1Nc1ccccc1,,,,,,,,,,,,,,,,NCGC00260696,NCGC00260696-01,0,144509,
CC(C)(C)c1ccc(/C=C/C(=O)Nc2ccc3c(c2)OCCO3)cc1,,,,,,,,,,,,,,,,NCGC00261903,NCGC00261903-01,0,A 2731,
CCCN(CC1CC1)c1nc(C)nc(Nc2c(Cl)cc(Cl)cc2Cl)c1Cl,,,,,,,,,,,,,,,,NCGC00261178,NCGC00261178-01,0,N 3911,
Cn1cnc2c(NCc3ccccc3)nc(NCCO)nc21,,,,,,,,,,,,,,,,NCGC00261568,NCGC00261568-01,0,O 0886,
CCCn1c(=O)c2[nH]c(-c3ccc(S(=O)(=O)O)cc3)nc2n(CCC)c1=O,,,,,,,,,,,,,,,,NCGC00260830,NCGC00260830-01,0,A-022,
C#CCn1c(=O)c2c(ncn2C)n(C)c1=O,,,,,,,,,,,,,,,,NCGC00261113,NCGC00261113-01,0,D-134,
CC(C)Cn1c(=O)n(C)c(=O)c2[nH]cnc21,,,,,,,,,,,,,,,,NCGC00261327,NCGC00261327-01,0,I 5879,
Cn1c(=O)c2[nH]c(-c3ccccc3)nc2n(C)c1=O,,,,,,,,,,,,,,,,NCGC00261602,NCGC00261602-01,0,P 2278,
Oc1ccc(-c2nc(-c3ccncc3)c(-c3ccc(F)cc3)[nH]2)cc1,,,,,,,,,,,,,,,,NCGC00260858,NCGC00260858-01,0,S 7067,
OC[C@H]1O[C@@H](c2nc3cc(Cl)c(Cl)cc3[nH]2)[C@H](O)[C@@H]1O,,,,,,,,,,,,,,,,NCGC00261071,NCGC00261071-01,0,D 1916,
Cn1c(=O)c2[nH]c(C3CCCC3)nc2n(C)c1=O,,,,,,,,,,,,,,,,NCGC00261076,NCGC00261076-01,0,C-102,
CCCn1c(=O)c2[nH]c(C3CCCC3)nc2n(CCCOC(=O)c2ccc(S(=O)(=O)F)cc2)c1=O,,,,,,,,,,,,,,,,NCGC00261192,NCGC00261192-01,0,F 7927,
O=C(Nc1cccc(C(=O)Nc2ccc(S(=O)(=O)[O-])c3cc(S(=O)(=O)[O-])cc(S(=O)(=O)[O-])c23)c1)Nc1cccc(C(=O)Nc2ccc(S(=O)(=O)[O-])c3cc(S(=O)(=O)[O-])cc(S(=O)(=O)[O-])c23)c1.[Na+].[Na+].[Na+].[Na+].[Na+].[Na+],,,,,,,,,,,,,,,,NCGC00261495,NCGC00261495-01,0,N 8652,174006642.0
O=c1[nH]c2cc(C(F)(F)F)ccc2n1-c1cc(C(F)(F)F)ccc1O,,,,,,,,,,,,,,,,NCGC00261577,NCGC00261577-01,0,N-170,
COc1ccccc1N1CCN(CCN(C(=O)c2ccc(F)cc2)c2ccccn2)CC1.Cl.Cl,,,,,,,,,,,,,,,,NCGC00261510,NCGC00261510-01,0,M-226,
O=c1[nH]c2ccccc2c2ccccc12,,,,,,,,,,,,,,,,NCGC00261679,NCGC00261679-01,0,P 8852,
Nc1ncnc2[nH]nc(Nc3ccc(F)cc3)c12,,,,,,,,,,,,,,,,NCGC00261941,NCGC00261941-01,0,C0993,
CC1(C)C(=O)N(CCN2CCC(C(=O)c3ccc(F)cc3)CC2)c2ccccc21.Cl,,,,,,,,,,,,,,,,NCGC00261343,NCGC00261343-01,0,L 2536,
O=c1onc2n1-c1cc(Br)ccc1OC2,,,,,,,,,,,,,,,,NCGC00261607,NCGC00261607-01,0,N-211,
CC(=O)NNC(=O)N1Cc2ccccc2Oc2ccc(Cl)cc21,,,,,,,,,,,,,,,,NCGC00261782,NCGC00261782-01,0,S 3065,
COc1ccccc1N1CCN(CCN(C(=O)C2CCCCC2)c2ccccn2)CC1.O=C(O)/C=C\C(=O)O,,,,,,,,,,,,,,,,NCGC00261914,NCGC00261914-01,0,W-108,
COc1ccc(NC(=O)c2ccc(-c3ccc(-c4noc(C)n4)cc3C)cc2)cc1N1CCN(C)CC1.Cl,,,,,,,,,,,,,,,,NCGC00261475,NCGC00261475-01,0,G 5793,
O=C(O)c1ccccc1Nc1cccc(OCc2ccc3ccccc3n2)c1,,,,,,,,,,,,,,,,NCGC00261764,NCGC00261764-01,0,S 7690,
N#C/C(=C\c1ccc(-c2cc(Cl)ccc2Cl)o1)C(=O)Nc1cccc2ncccc12,,,,,,,,,,,,,,,,NCGC00261802,NCGC00261802-01,0,A 8231,
COc1cc2nc(N3CCCN(C)CC3)nc(NC3CCN(Cc4ccccc4)CC3)c2cc1OC.Cl.Cl.Cl,,,,,,,,,,,,,,,,NCGC00261813,NCGC00261813-01,0,B9311,
COc1ccc2c(c1)c(CC(=O)O)c(C)n2C(=O)c1ccccc1,,,,,,,,,,,,,,,,NCGC00260795,NCGC00260795-01,0,B 1183,
O=c1[nH]c2cc(Cl)ccc2c(O)c1-c1ccc(Oc2ccccc2)cc1,,,,,,,,,,,,,,,,NCGC00261352,NCGC00261352-01,0,L 0258,
Nc1nc2ccc(Cl)cc2c2nc(-c3ccco3)nn12,,,,,,,,,,,,,,,,NCGC00261009,NCGC00261009-01,0,C-199,
Nc1nc2c(cnn2CCc2ccccc2)c2nc(-c3ccco3)nn12,,,,,,,,,,,,,,,,NCGC00261944,NCGC00261944-01,0,S4568,
O=C1NC(=O)C(c2ccccc2[N+](=O)[O-])=C1Nc1ccc(O)c(Cl)c1,,,,,,,,,,,,,,,,NCGC00261166,NCGC00261166-01,0,S 3567,
O=C1Cc2c([nH]c3ccc(Br)cc23)-c2ccccc2N1,,,,,,,,,,,,,,,,NCGC00261332,NCGC00261332-01,0,K 3888,
O=S1(=O)N(CCN2CC=C(c3c[nH]c4cc(F)ccc34)CC2)c2cccc3c2N1CCC3,,,,,,,,,,,,,,,,NCGC00261333,NCGC00261333-01,0,L 2411,
CCCc1c(-c2ccc(O)cc2)nn(-c2ccc(O)cc2)c1-c1ccc(O)cc1,,,,,,,,,,,,,,,,NCGC00261260,NCGC00261260-01,0,H 6036,
OCc1ccc(-c2nn(Cc3ccccc3)c3ccccc23)o1,,,,,,,,,,,,,,,,NCGC00261915,NCGC00261915-01,0,Y-102,
CN1CC[C@@]2(C)c3cc(O)ccc3N(C)C12.O=C(O)/C=C\C(=O)O,,,,,,,,,,,,,,,,NCGC00261238,NCGC00261238-01,0,E-100,
CCOC(=O)C(C)Oc1cccc2c(=O)n(CC(=O)Nc3ccc4c(c3)OCCO4)ccc12,,,,,,,,,,,,,,,,NCGC00261682,NCGC00261682-01,0,S1323,
CS(=O)(=O)O.Cn1cc(C(F)(F)F)nc1-c1ccc(OCC(O)CNCCOc2ccc(O)c(C(N)=O)c2)cc1,,,,,,,,,,,,,,,,NCGC00261049,NCGC00261049-01,0,C-231,
COc1cccc(OC)c1OCCNCC1CSc2ccccc2O1.Cl,,,,,,,,,,,,,,,,NCGC00260910,NCGC00260910-01,0,B-016,
N#CSc1ccc2oc(C3=NCCN3)cc2c1,,,,,,,,,,,,,,,,NCGC00261272,NCGC00261272-01,0,B 8433,
O=C(O)[C@@H]1CCN1,,,,,,,,,,,,,,,,NCGC00260708,NCGC00260708-01,0,A 0760,
O=C(O)C1CCNCC1,,,,,,,,,,,,,,,,NCGC00261390,NCGC00261390-01,0,I18008,
N[C@@H](CS(=O)O)C(=O)O,,,,,,,,,,,,,,,,NCGC00260948,NCGC00260948-01,0,C 4418,
CCCCCCCCCCCCCCSCC(=O)O,,,,,,,,,,,,,,,,NCGC00261840,NCGC00261840-01,0,T 1698,
C[N+](C)(C)CCOC(=O)CBr.[Br-],,,,,,,,,,,,,,,,NCGC00260881,NCGC00260881-01,0,B-121,
Br.CO[C@H]1CC=C2CCN3CCC4=C(CC(=O)OC4)[C@]23C1,,,,,,,,,,,,,,,,NCGC00261153,NCGC00261153-01,0,D-149,
CCCCCCC(=O)OC1CC(C)(C)NC(C)(C)C1.Cl,,,,,,,,,,,,,,,,NCGC00261406,NCGC00261406-01,0,T5576,
CN1CC(O)C(O)C(O)C1CO,,,,,,,,,,,,,,,,NCGC00261053,NCGC00261053-01,0,M 1777,
Cl.OCC1NCC(O)C(O)C1O,,,,,,,,,,,,,,,,NCGC00261129,NCGC00261129-01,0,D 9305,
CCCC(=O)NCCc1c2n(c3ccc(OC)cc13)CCCc1ccccc1-2,,,,,,,,,,,,,,,,NCGC00261381,NCGC00261381-01,0,K 1888,
O=c1cc(-c2ccccc2F)[nH]c2cc3c(cc12)OCO3,,,,,,,,,,,,,,,,NCGC00261426,NCGC00261426-01,0,C1244,
Nc1nc(Cl)nc2c1ncn2[C@@H]1O[C@H](CO)C(O)[C@H]1O,,,,,,,,,,,,,,,,NCGC00260979,NCGC00260979-01,0,C 5134,
OC[C@H]1O[C@@H](n2cnc3c(NC4CCCC4)ncnc32)[C@H](O)C1O,,,,,,,,,,,,,,,,NCGC00260993,NCGC00260993-01,0,C 8031,
OC[C@H]1O[C@@H](n2cnc3cncnc32)[C@H](O)[C@@H]1O,,,,,,,,,,,,,,,,NCGC00261108,NCGC00261108-01,0,D 8296,
CNc1ncnc2c1ncn2[C@H]1C[C@H](OP(=O)([O-])O)[C@@H](COP(=O)([O-])O)O1.[NH4+].[NH4+],,,,,,,,,,,,,,,,NCGC00261441,NCGC00261441-01,0,M 3808,
Nc1ncnc2c1ncn2C1CCCO1,,,,,,,,,,,,,,,,NCGC00261877,NCGC00261877-01,0,S-153,
Nc1nc2c(nc(Br)n2C2OC3CO[P@@](=O)([O-])O[C@@H]3C2O)c(=O)[nH]1.[Na+],,,,,,,,,,,,,,,,NCGC00260815,NCGC00260815-01,0,B 1381,
O=C(O)c1cc([N+](=O)[O-])ccc1NCCCc1ccccc1,,,,,,,,,,,,,,,,NCGC00261542,NCGC00261542-01,0,N 4779,
C[N+]1(C)C2CCC1CC(OC(=O)c1c[nH]c3ccccc13)C2.[I-],,,,,,,,,,,,,,,,NCGC00261958,NCGC00261958-01,0,T-113,
CC(=O)O[C@H]1Cc2ccccc2N(C(N)=O)c2ccccc21,,,,,,,,,,,,,,,,NCGC00261787,NCGC00261787-01,0,B 5435,
O=c1[nH]c(=S)[nH]c(-c2ccccc2)c1Cc1c(O)ccc2ccccc12,,,,,,,,,,,,,,,,NCGC00261065,NCGC00261065-01,0,C0494,
CC#CCOC(=O)c1c(C)nc2sc3c(c2c1N)CCC(O)C3,,,,,,,,,,,,,,,,NCGC00261804,NCGC00261804-01,0,S 7936,
N#Cc1cc([N+](=O)[O-])c2sc(C(N)=O)[n+]([O-])c2c1,,,,,,,,,,,,,,,,NCGC00260875,NCGC00260875-01,0,B 6311,
Cc1cnc(NC(=O)C2=C([O][Na])c3ccccc3S(=O)(=O)N2C)s1,,,,,,,,,,,,,,,,NCGC00261451,NCGC00261451-01,0,M 3935,
Nc1c(S(=O)(=O)[O-])cc(Nc2ccc(Nc3nc(Cl)nc(Nc4ccc(S(=O)(=O)[O-])cc4)n3)c(S(=O)(=O)[O-])c2)c2c1C(=O)c1ccccc1C2=O.[Na+].[Na+].[Na+],,,,,,,,,,,,,,,,NCGC00261739,NCGC00261739-01,0,R-115,
COc1cc(/C=C(\C#N)C(=O)Nc2nnc(C(F)(F)F)s2)ccc1OCc1ccc(C(F)(F)F)cc1C(F)(F)F,,,,,,,,,,,,,,,,NCGC00261948,NCGC00261948-01,0,X4753,
CCCCOC(=O)NS(=O)(=O)c1sc(CC(C)C)cc1-c1ccc(Cn2c(CC)nc3c(C)cc(C)nc32)cc1,,,,,,,,,,,,,,,,NCGC00261382,NCGC00261382-01,0,L 1415,
Cc1nc(/N=N/c2ccc(S(=O)(=O)[O-])cc2S(=O)(=O)[O-])c(COP(=O)([O-])[O-])c(C=O)c1O.[Na+].[Na+].[Na+].[Na+],,,,,,,,,,,,,,,,NCGC00261663,NCGC00261663-01,0,P-178,174006657.0
CN1CCC(c2c[nH]c3ccc(O)cc23)CC1.O=C(O)/C=C\C(=O)O,,,,,,,,,,,,,,,,NCGC00260892,NCGC00260892-01,0,B-173,
COc1cc2c(CCNC(C)=O)c[nH]c2cc1O,,,,,,,,,,,,,,,,NCGC00261297,NCGC00261297-01,0,H 0627,
O=C(O)Cc1c[nH]c2ccc(O)cc12,,,,,,,,,,,,,,,,NCGC00261321,NCGC00261321-01,0,H 8876,
CC(N)Cc1c[nH]c2ccc(OCc3cccs3)cc12.Cl,,,,,,,,,,,,,,,,NCGC00261446,NCGC00261446-01,0,B175,
COc1ccc2[nH]cc(CCN)c2c1.Cl,,,,,,,,,,,,,,,,NCGC00261474,NCGC00261474-01,0,M 6628,
CCN(CC)c1ncnc2c1ncn2[C@@H]1O[C@H](COP(=O)([O-])OP(=O)([O-])C(Br)(Br)P(=O)([O-])O)[C@@H](O)[C@H]1O.[Na+].[Na+].[Na+],,,,,,,,,,,,,,,,NCGC00260834,NCGC00260834-01,0,A-265,
CSc1nc(N)c2ncn([C@@H]3O[C@H](COP(=O)([O-])OP(=O)([O-])OP(=O)([O-])[O-])C(O)[C@H]3O)c2n1.[Na+].[Na+].[Na+].[Na+],,,,,,,,,,,,,,,,NCGC00260840,NCGC00260840-01,0,A-023,
Nc1ncnc2c1nc(Sc1ccc(Cl)cc1)n2[C@H]1OC2CO[P@@](=O)([O-])O[C@@H]2C1O.[Na+],,,,,,,,,,,,,,,,NCGC00260947,NCGC00260947-01,0,C 3912,
Nc1ncnc2c1ncn2[C@@H]1O[C@H](COP(=O)([O-])OP(=O)([O-])OP(=O)([O-])OP(=O)(O)OC[C@@H]2O[C@H](n3cnc4c(N)ncnc43)[C@@H](O)C2O)C(O)[C@H]1O.[NH4+].[NH4+].[NH4+],,,,,,,,,,,,,,,,NCGC00261080,NCGC00261080-01,0,D 1262,
NC(=O)C1=CN(C2OC(COP(=O)([O-])OP(=O)([O-])OC[C@H]3O[C@@H](n4cnc5c(N)ncnc54)[C@H](OP(=O)([O-])[O-])C3O)C(O)C2O)C=CC1.[Na+].[Na+].[Na+].[Na+],,,,,,,,,,,,,,,,NCGC00261563,NCGC00261563-01,0,N 7505,
NC(=S)c1ccc[n+]([C@@H]2O[C@@H](COP(=O)([O-])OP(=O)(O)OC[C@H]3O[C@@H](n4cnc5c(N)ncnc54)[C@H](OP(=O)([O-])O)C3O)C(O)C2O)c1.[Na+],,,,,,,,,,,,,,,,NCGC00261873,NCGC00261873-01,0,T 5515,
Nc1ccc(CCNc2ncnc3c2ncn3C2OC(CO)C(O)C2O)cc1,,,,,,,,,,,,,,,,NCGC00260803,NCGC00260803-01,0,A-202,
CNC(=O)[C@H]1O[C@@H](n2cnc3c(NCc4ccc(N)cc4)ncnc32)[C@H](O)C1O,,,,,,,,,,,,,,,,NCGC00260833,NCGC00260833-01,0,A-236,
CCNC(=O)[C@H]1O[C@@H](n2cnc3c(N)nc(NCCc4ccc(CCC(=O)O)cc4)nc32)[C@H](O)C1O.Cl,,,,,,,,,,,,,,,,NCGC00261008,NCGC00261008-01,0,C-141,
CCNC(=O)[C@H]1O[C@@H](n2cnc3c(N)ncnc32)[C@H](O)C1O,,,,,,,,,,,,,,,,NCGC00261155,NCGC00261155-01,0,E 2387,
C[C@H](Cc1ccccc1)Nc1ncnc2c1ncn2[C@@H]1O[C@H](CO)C(O)[C@H]1O,,,,,,,,,,,,,,,,NCGC00261643,NCGC00261643-01,0,P 4532,
NCCc1c[nH]c2ccc(C(N)=O)cc12.O=C(O)/C=C\C(=O)O,,,,,,,,,,,,,,,,NCGC00261037,NCGC00261037-01,0,C-117,
O=C(Cc1ccccc1Nc1c(Cl)cccc1Cl)[O][Na],,,,,,,,,,,,,,,,NCGC00261126,NCGC00261126-01,0,D 6899,
COC(=O)C1=C(C)NC(C)=C([N+](=O)[O-])C1c1ccccc1C(F)(F)F,,,,,,,,,,,,,,,,NCGC00260871,NCGC00260871-01,0,B-112,
CC(=O)N[C@@H](Cc1c[nH]c2ccccc12)C(=O)OCc1cc(C(F)(F)F)cc(C(F)(F)F)c1,,,,,,,,,,,,,,,,NCGC00260713,NCGC00260713-01,0,A 5330,
CC(C)[C@@H]1C(O)=C(C(N)=O)C(=O)[C@@]2(O)C(O)=C3C(=O)c4c(O)ccc(N(C)C)c4C[C@H]3C[C@@H]12.Cl,,,,,,,,,,,,,,,,NCGC00261487,NCGC00261487-01,0,M 9511,
Cl.Oc1ccc2c3c1O[C@H]1c4[nH]c5ccccc5c4C[C@@]4(O)C(C2)N(CC2CC2)CCC314,,,,,,,,,,,,,,,,NCGC00261545,NCGC00261545-01,0,N-115,
COc1cc(N)c(Cl)cc1C(=O)OCCN1CCCCC1,,,,,,,,,,,,,,,,NCGC00261480,NCGC00261480-01,0,M 7319,
CCN(CC)CCOC(=O)c1cc(Cl)c(N)cc1OC.Cl,,,,,,,,,,,,,,,,NCGC00261838,NCGC00261838-01,0,S-174,
CCCCCCCC/C=C\CCCCCCCC(=O)NCCO,,,,,,,,,,,,,,,,NCGC00261627,NCGC00261627-01,0,O 0383,
C[N+](C)(C)CC#CCN1CCCC1=O.[I-],,,,,,,,,,,,,,,,NCGC00261639,NCGC00261639-01,0,O-100,
CCN1C(=O)C=CC1=O,,,,,,,,,,,,,,,,NCGC00261177,NCGC00261177-01,0,E 3876,
Cl.NOCC(=O)O.NOCC(=O)O,,,,,,,,,,,,,,,,NCGC00260692,NCGC00260692-01,0,A 4508,
CC(=O)/C(C)=N/O,,,,,,,,,,,,,,,,NCGC00260775,NCGC00260775-01,0,B 0753,
CC(=O)NBr,,,,,,,,,,,,,,,,NCGC00260876,NCGC00260876-01,0,B 2377,
NC(=O)C(=O)[O-].[Na+],,,,,,,,,,,,,,,,NCGC00261598,NCGC00261598-01,0,O 2751,
CCN(CC)CCCCCCCCOC(=O)c1cc(OC)c(OC)c(OC)c1.Cl,,,,,,,,,,,,,,,,NCGC00260707,NCGC00260707-01,0,861804,
O=Nc1ccc2oc(=O)ccc2c1,,,,,,,,,,,,,,,,NCGC00261554,NCGC00261554-01,0,N 8403,
COc1cccc(-c2cc(=O)c3ccccc3o2)c1N,,,,,,,,,,,,,,,,NCGC00261713,NCGC00261713-01,0,P-215,
CC(=O)c1c(O)c(C)c(O)c(Cc2c(O)c3c(c(C(=O)/C=C/c4ccccc4)c2O)OC(C)(C)C=C3)c1O,,,,,,,,,,,,,,,,NCGC00261737,NCGC00261737-01,0,R 5648,
O=C1c2c(O)cc(O)cc2OC(c2ccc(O)c(O)c2)C1O,,,,,,,,,,,,,,,,NCGC00261882,NCGC00261882-01,0,T 4512,
COC[C@H]1OC(=O)c2coc3c2[C@@]1(C)C1=C(C3=O)C2CCC(=O)[C@@]2(C)C[C@H]1OC(C)=O,,,,,,,,,,,,,,,,NCGC00261933,NCGC00261933-01,0,W 1628,
COC(=O)C1=CO[C@@H](O)[C@@H]2C(CO)=CC[C@H]12,,,,,,,,,,,,,,,,NCGC00261201,NCGC00261201-01,0,G4796,
C=C1C[C@@]23CC[C@H]4[C@@](C)(CCC[C@@]4(C)C(=O)OC4OC(CO)C(O)C(O)C4O)[C@@H]2CC[C@]1(OC1OC(CO)C(O)C(O)C1OC1OC(CO)C(O)C(O)C1O)C3,,,,,,,,,,,,,,,,NCGC00261398,NCGC00261398-01,0,S3572,
C=C(C)[C@@H]1[C@H]2OC(=O)[C@@H]1[C@]1(O)C[C@H]3O[C@]34C(=O)O[C@H]2[C@]14C.CC(C)(O)[C@@H]1[C@H]2OC(=O)[C@@H]1[C@]1(O)C[C@H]3O[C@]34C(=O)O[C@H]2[C@]14C,,,,,,,,,,,,,,,,NCGC00261601,NCGC00261601-01,0,P 1675,
CC1(C(=O)O)C2CCC(O2)C1(C)C(=O)O,,,,,,,,,,,,,,,,NCGC00261003,NCGC00261003-01,0,C 8088,
OCC1O[C@H](O)C(Cl)C(O)C1O,,,,,,,,,,,,,,,,NCGC00261019,NCGC00261019-01,0,C-203,
Cl.Cl.Cl.NCCC1CCCC(CCN)N1,,,,,,,,,,,,,,,,NCGC00261519,NCGC00261519-01,0,M-166,
Cl.Cl.Cl.NCCCCNCCCN,,,,,,,,,,,,,,,,NCGC00261732,NCGC00261732-01,0,S 2501,
S=C([S-])N1CCCC1.[NH4+],,,,,,,,,,,,,,,,NCGC00261718,NCGC00261718-01,0,P 8765,
CC(=O)SCC[N+](C)(C)C.[Cl-],,,,,,,,,,,,,,,,NCGC00260743,NCGC00260743-01,0,A 5626,
NCCCS(=O)(=O)[O-].[Na+],,,,,,,,,,,,,,,,NCGC00260751,NCGC00260751-01,0,A 4147,
C[N+](C)(C)CC=O.[Cl-],,,,,,,,,,,,,,,,NCGC00260867,NCGC00260867-01,0,B 3650,
Cl.Cl.NCCSSCCN,,,,,,,,,,,,,,,,NCGC00260982,NCGC00260982-01,0,C 7255,
Br.CCSC(=N)N,,,,,,,,,,,,,,,,NCGC00261176,NCGC00261176-01,0,E 3149,
[Li][Cl],,,,,,,,,,,,,,,,NCGC00261289,NCGC00261289-01,0,L 4408,
CSC(=N)N.CSC(=N)N.O=S(=O)(O)O,,,,,,,,,,,,,,,,NCGC00261440,NCGC00261440-01,0,M 3127,
Cl.Cl.NCCCCN,,,,,,,,,,,,,,,,NCGC00261657,NCGC00261657-01,0,P 7505,
O=c1ccc2c(OCCCCc3ccccc3)c3ccoc3cc2o1,,,,,,,,,,,,,,,,NCGC00260822,NCGC00260822-01,0,P 9872,
CCCC[C@@]1(C2CCCC2)Cc2cc(OCC(=O)O)c(Cl)c(Cl)c2C1=O,,,,,,,,,,,,,,,,NCGC00261142,NCGC00261142-01,0,D-129,
C[C@]12CCC3C(CC[C@H]4C[C@H](O)CC[C@]34C)C1CC[C@@H]2C(=O)CO,,,,,,,,,,,,,,,,NCGC00261582,NCGC00261582-01,0,P 2016,
N#CC(C#N)=C(N)/C(C#N)=C/c1ccc(O)cc1,,,,,,,,,,,,,,,,NCGC00261825,NCGC00261825-01,0,T 6943,
N#C/C(=C\c1ccc(O)c(O)c1)C(=O)NCCCNC(=O)/C(C#N)=C/c1ccc(O)c(O)c1,,,,,,,,,,,,,,,,NCGC00261833,NCGC00261833-01,0,T 4693,
COc1ccc(C=C(C#N)C#N)cc1,,,,,,,,,,,,,,,,NCGC00261835,NCGC00261835-01,0,T 7040,
CC(C)(C)c1cc(/C=C(\C#N)C(N)=S)cc(C(C)(C)C)c1O,,,,,,,,,,,,,,,,NCGC00261860,NCGC00261860-01,0,T 2067,
N#CC(=Cc1ccc(O)c(O)c1)C(N)=S,,,,,,,,,,,,,,,,NCGC00261906,NCGC00261906-01,0,T 7540,
N#CC(C#N)=C/C(N)=C(/C#N)c1cc(O)c(O)c(O)c1,,,,,,,,,,,,,,,,NCGC00261916,NCGC00261916-01,0,T 7665,
CC(C)(C)c1cc(C=C(C#N)C#N)cc(C(C)(C)C)c1O,,,,,,,,,,,,,,,,NCGC00261939,NCGC00261939-01,0,T-182,
CC(C)NP(=O)(NC(C)C)OP(=O)(NC(C)C)NC(C)C,,,,,,,,,,,,,,,,NCGC00261869,NCGC00261869-01,0,T 1505,
O=C(O)CCC/C=C\C[C@@H]1[C@@H](/C=C/[C@H](O)C2Cc3ccccc3C2)[C@@H](F)C[C@@H]1O,,,,,,,,,,,,,,,,NCGC00261163,NCGC00261163-01,0,A 3846,
CC(=O)[C@H]1CCC2C3CC=C4C[C@@H](OS(=O)(=O)[O-])CC[C@]4(C)C3CC[C@@]21C.[Na+],,,,,,,,,,,,,,,,NCGC00261653,NCGC00261653-01,0,P-162,
C1CNCCN1.COc1cc(C(O)CO)ccc1O.COc1cc(C(O)CO)ccc1O,,,,,,,,,,,,,,,,NCGC00261248,NCGC00261248-01,0,H 1377,
CC1CCN=C(N)S1.Cl,,,,,,,,,,,,,,,,NCGC00260770,NCGC00260770-01,0,A 9834,
N[C@H](C(=O)O)c1cc(O)cc(O)c1,,,,,,,,,,,,,,,,NCGC00261013,NCGC00261013-01,0,D 3689,
O=C1/C(=C/c2ccsc2)CC/C1=C\c1cccs1,,,,,,,,,,,,,,,,NCGC00261910,NCGC00261910-01,0,C 9369,
C=C(C)C1CC=C(C(=O)O)CC1,,,,,,,,,,,,,,,,NCGC00261686,NCGC00261686-01,0,218359,
CCCCCCCCCCC/C=C\C(C)(C)/C=C\CCCC(=O)O,,,,,,,,,,,,,,,,NCGC00261147,NCGC00261147-01,0,D 8008,
CCCCCCC/C=C\CCCCCCCCC(=O)O,,,,,,,,,,,,,,,,NCGC00261578,NCGC00261578-01,0,O 1008,
NC(C(=O)O)c1cc(O)no1,,,,,,,,,,,,,,,,NCGC00261336,NCGC00261336-01,0,I 2765,
C=C/C(C)=C/[C@@]1(C)SC(=O)C(C)=C1O,,,,,,,,,,,,,,,,NCGC00261593,NCGC00261593-01,0,T 9567,
Br.C#CCOC(=O)C1=CCCN(C)C1,,,,,,,,,,,,,,,,NCGC00260821,NCGC00260821-01,0,A-140,
O=C(O)C1CN(CCCP(=O)(O)O)CCN1,,,,,,,,,,,,,,,,NCGC00261007,NCGC00261007-01,0,C-104,
Cl.O=C(O)C1=CCNCC1,,,,,,,,,,,,,,,,NCGC00261246,NCGC00261246-01,0,G-002,
CP(=O)([O-])C1=CC[NH2+]CC1,,,,,,,,,,,,,,,,NCGC00261949,NCGC00261949-01,0,T-200,
Cl.NCC(O)c1cc(O)c(O)cc1F,,,,,,,,,,,,,,,,NCGC00260890,NCGC00260890-01,0,B-012,
Cl.O=C(O)Cc1c[nH]cn1,,,,,,,,,,,,,,,,NCGC00261294,NCGC00261294-01,0,I 0375,
Br.Br.N=C(N)SCCc1c[nH]cn1,,,,,,,,,,,,,,,,NCGC00261330,NCGC00261330-01,0,I-135,
COC(=O)C(C)(N)Cc1ccc(O)cc1.Cl,,,,,,,,,,,,,,,,NCGC00261470,NCGC00261470-01,0,M 3281,
Cl.NC1C=CC=C(C(=O)O)C1,,,,,,,,,,,,,,,,NCGC00260691,NCGC00260691-01,0,A 3539,
NC(Cc1cccc(-c2ccccc2CP(=O)(O)O)c1)C(=O)O,,,,,,,,,,,,,,,,NCGC00261693,NCGC00261693-01,0,P-204,
Cl.O[Si](CCCN1CCCCC1)(c1ccc(F)cc1)C1CCCCC1,,,,,,,,,,,,,,,,NCGC00261293,NCGC00261293-01,0,H-127,
C[C@@H](N)[C@H]1CC[C@H](C(=O)Nc2ccncc2)CC1.Cl.Cl,,,,,,,,,,,,,,,,NCGC00261018,NCGC00261018-01,0,Y 0503,
CNCCc1ccc(O)c(O)c1.Cl,,,,,,,,,,,,,,,,NCGC00261075,NCGC00261075-01,0,D 5886,
Br.CCCN(CCC)CCc1ccc(O)c(O)c1,,,,,,,,,,,,,,,,NCGC00261150,NCGC00261150-01,0,D-031,
C[C@@H](CN1CCC(Cc2ccccc2)CC1)[C@@H](O)c1ccc(O)cc1.Cl,,,,,,,,,,,,,,,,NCGC00261767,NCGC00261767-01,0,R 7150,
O=C(O)CNC(=O)C(CS)Cc1ccccc1,,,,,,,,,,,,,,,,NCGC00261824,NCGC00261824-01,0,T 6031,
C#CCN[C@H](C)Cc1ccccc1.Cl,,,,,,,,,,,,,,,,NCGC00261146,NCGC00261146-01,0,D 6940,
Cl.NCCc1ccc(S(=O)(=O)F)cc1,,,,,,,,,,,,,,,,NCGC00260817,NCGC00260817-01,0,A 8456,
CC(N)c1cccc(Cl)c1Cl.Cl,,,,,,,,,,,,,,,,NCGC00261161,NCGC00261161-01,0,D-103,
NC(=O)c1cccc(N)c1,,,,,,,,,,,,,,,,NCGC00260728,NCGC00260728-01,0,A 0788,
CC(=O)O.N=C(N)N/N=C/c1c(Cl)cccc1Cl,,,,,,,,,,,,,,,,NCGC00261286,NCGC00261286-01,0,G-110,
Br.CCCN(CCC)[C@@H]1CCc2ccc(O)cc2C1,,,,,,,,,,,,,,,,NCGC00261254,NCGC00261254-01,0,H-168,
Br.CCCN(CCC)C1CCc2cccc(O)c2C1,,,,,,,,,,,,,,,,NCGC00261261,NCGC00261261-01,0,H 8250,
CCCN(CCc1ccccc1)C1CCc2c(O)cccc2C1.Cl,,,,,,,,,,,,,,,,NCGC00261691,NCGC00261691-01,0,P-105,
CCCN(CCC)[C@H]1CCc2c(F)ccc(O)c2C1.Cl,,,,,,,,,,,,,,,,NCGC00261921,NCGC00261921-01,0,U-108,
C[N+](C)(C)CC#CCOC(=O)Nc1cccc(Cl)c1.[Cl-],,,,,,,,,,,,,,,,NCGC00260962,NCGC00260962-01,0,C 7041,
Cl.N=C(N)NC(=N)Nc1cccc(Cl)c1,,,,,,,,,,,,,,,,NCGC00261028,NCGC00261028-01,0,C-144,
Cl.Clc1cc(I)cc(Cl)c1N=C1NCCN1,,,,,,,,,,,,,,,,NCGC00261349,NCGC00261349-01,0,I-114,
S=C(Nc1ccccc1)Nc1nccs1,,,,,,,,,,,,,,,,NCGC00261583,NCGC00261583-01,0,P 4015,
N=C(N)NC(=N)Nc1ccccc1,,,,,,,,,,,,,,,,NCGC00261672,NCGC00261672-01,0,P-120,
Brc1c(Br)c(Br)c2[nH]nnc2c1Br,,,,,,,,,,,,,,,,NCGC00261620,NCGC00261620-01,0,T 0826,
CN1CCc2cc(Cl)c(O)cc2[C@@H](c2ccccc2)C1.Cl,,,,,,,,,,,,,,,,NCGC00261141,NCGC00261141-01,0,D-054,
Br.Cc1cccc(C2CN(C)CCc3c2cc(O)c(O)c3Cl)c1,,,,,,,,,,,,,,,,NCGC00261752,NCGC00261752-01,0,S 2816,
Br.C=CCN1CCc2cc(O)c(O)cc2C(c2ccccc2)C1,,,,,,,,,,,,,,,,NCGC00261828,NCGC00261828-01,0,S-168,
Cl.OC1CCCCC1N1CCC(c2ccccc2)CC1,,,,,,,,,,,,,,,,NCGC00261913,NCGC00261913-01,0,V-100,
Cc1ccccc1/C=C/C1=NCCN1.O=C(O)C(=O)O,,,,,,,,,,,,,,,,NCGC00261473,NCGC00261473-01,0,M 5685,
O=C([O-])C[C@H](O)CC(O)/C=C/c1c(C2CC2)nc2ccccc2c1-c1ccc(F)cc1.O=C([O-])C[C@H](O)C[C@H](O)/C=C/c1c(C2CC2)nc2ccccc2c1-c1ccc(F)cc1.[Ca+2],,,,,,,,,,,,,,,,NCGC00356953,NCGC00356953-01,0,,
C[N+](C)(C)CCCCCC[N+](C)(C)C.[Cl-].[Cl-],,,,,,,,,,,,,,,,NCGC00357009,NCGC00357009-01,0,,
[Cl-].c1ccc(C[P+](c2ccccc2)(c2ccccc2)c2ccccc2)cc1,,,,,,,,,,,,,,,,NCGC00357188,NCGC00357188-01,0,,
CN(C)c1ccc(C(=C2C=CC(=[N+](C)C)C=C2)c2ccccc2)cc1.[Cl-],,,,,,,,,,,,,,,,NCGC00357201,NCGC00357201-01,0,,
CCCCCCCCCCCCCC[N+](C)(C)Cc1ccccc1.[Cl-],,,,,,,,,,,,,,,,NCGC00357189,NCGC00357189-01,0,,
CC[N+](CC)(CC)Cc1ccccc1.[Cl-],,,,,,,,,,,,,,,,NCGC00357163,NCGC00357163-01,0,,
CCc1c(C(=O)[O-])c(=O)cnn1-c1ccc(Cl)cc1.[K+],,,,,,,,,,,,,,,,NCGC00357001,NCGC00357001-01,0,,
O=P([O-])([O-])CN(CP(=O)([O-])[O-])CP(=O)([O-])O.[Na+].[Na+].[Na+].[Na+].[Na+],,,,,,,,,,,,,,,,NCGC00357030,NCGC00357030-01,0,,
O=S(=O)([O-])c1cc(S(=O)(=O)[O-])c2ccc3c(S(=O)(=O)[O-])cc(S(=O)(=O)[O-])c4ccc1c2c43.[Na+].[Na+].[Na+].[Na+],,,,,,,,,,,,,,,,NCGC00357123,NCGC00357123-01,0,,
COc1ccc([N+](=O)[O-])cc1[O-].[Na+],,,,,,,,,,,,,,,,NCGC00357091,NCGC00357091-01,0,,
CCc1cccc(CC)c1N(COC)C(=O)CS(=O)(=O)[O-].[Na+],,,,,,,,,,,,,,,,NCGC00357004,NCGC00357004-01,0,,
O=S([O-])O.[Na+],,,,,,,,,,,,,,,,NCGC00357103,NCGC00357103-01,0,,
COCc1c(C(C)C)nc(C(C)C)c(/C=C/[C@@H](O)C[C@@H](O)CC(=O)[O-])c1-c1ccc(F)cc1.[Na+],,,,,,,,,,,,,,,,NCGC00357289,NCGC00357289-01,0,,
[Na+].[O-]c1c(Cl)c(Cl)c(Cl)c(Cl)c1Cl,,,,,,,,,,,,,,,,NCGC00357082,NCGC00357082-01,0,,
CCc1cccc(CC)c1NC(=O)C(=O)[O-].[Na+],,,,,,,,,,,,,,,,NCGC00356999,NCGC00356999-01,0,,
Nc1ccc(S(=O)(=O)[N-]c2nccs2)cc1.[Na+],,,,,,,,,,,,,,,,NCGC00357116,NCGC00357116-01,0,,
Nc1ccc2c(S(=O)(=O)O)cccc2c1S(=O)(=O)[O-].[Na+],,,,,,,,,,,,,,,,NCGC00357010,NCGC00357010-01,0,,
CCN(CCC#N)c1ccc(/N=N/c2ccc([N+](=O)[O-])cc2)cc1,,,,,,,,,,,,,,,,NCGC00357057,NCGC00357057-01,0,,
B.C1COCCN1,,,,,,,,,,,,,,,,NCGC00357171,NCGC00357171-01,0,,
N#CBr,,,,,,,,,,,,,,,,NCGC00356964,NCGC00356964-01,0,,
C=CC(=O)OCC(Br)CBr,,,,,,,,,,,,,,,,NCGC00356995,NCGC00356995-01,0,,
CCc1c(Br)c(Br)c(Br)c(Br)c1Br,,,,,,,,,,,,,,,,NCGC00357205,NCGC00357205-01,0,,
Brc1cc(Br)cc(Br)c1,,,,,,,,,,,,,,,,NCGC00357185,NCGC00357185-01,0,,
Nc1c(Br)cc([N+](=O)[O-])cc1Br,,,,,,,,,,,,,,,,NCGC00357028,NCGC00357028-01,0,,
Brc1ccccn1,,,,,,,,,,,,,,,,NCGC00357064,NCGC00357064-01,0,,
Brc1c(Br)c(Br)c(Oc2c(Br)c(Br)c(Br)c(Br)c2Br)c(Br)c1Br,,,,,,,,,,,,,,,,NCGC00357196,NCGC00357196-01,0,,
O=C1OC2(c3ccccc31)c1ccc(O)c(Br)c1Oc1c2ccc(O)c1Br,,,,,,,,,,,,,,,,NCGC00357271,NCGC00357271-01,0,,
BrCC(Br)c1ccccc1,,,,,,,,,,,,,,,,NCGC00357213,NCGC00357213-01,0,,
CCCCCCCCCCBr,,,,,,,,,,,,,,,,NCGC00357198,NCGC00357198-01,0,,
C#CC(O)CCC,,,,,,,,,,,,,,,,NCGC00357079,NCGC00357079-01,0,,
CN(C)c1ccc(C(=C2C=CC(=[N+](C)C)C=C2)c2ccccc2)cc1.O=C([O-])C(=O)O,,,,,,,,,,,,,,,,NCGC00356984,NCGC00356984-01,0,,
C=CC(=C)CC/C=C(\C)CCC=C(C)C,,,,,,,,,,,,,,,,NCGC00357080,NCGC00357080-01,0,,
CC(C)=CCCC(C)O,,,,,,,,,,,,,,,,NCGC00357173,NCGC00357173-01,0,,
CC(C)=NNC(N)=S,,,,,,,,,,,,,,,,NCGC00357277,NCGC00357277-01,0,,
C[As+](C)(C)CC(=O)[O-],,,,,,,,,,,,,,,,NCGC00357240,NCGC00357240-01,0,,
COCC(=O)N(c1c(C)cccc1C)[C@H](C)C(=O)OC,,,,,,,,,,,,,,,,NCGC00357145,NCGC00357145-01,0,,
CCOC(=O)[C@H](C)O,,,,,,,,,,,,,,,,NCGC00357157,NCGC00357157-01,0,,
C/C(=N/[Si](C)(C)C)O[Si](C)(C)C,,,,,,,,,,,,,,,,NCGC00357160,NCGC00357160-01,0,,
CCO[Si](C)(C)OCC,,,,,,,,,,,,,,,,NCGC00357107,NCGC00357107-01,0,,
C[SiH](C)O[SiH](C)C,,,,,,,,,,,,,,,,NCGC00357106,NCGC00357106-01,0,,
CC(=O)[CH-]/C(C)=[O+]\[Al](/[O+]=C(/C)[CH-]C(C)=O)/[O+]=C(/C)[CH-]C(C)=O,,,,,,,,,,,,,,,,NCGC00357047,NCGC00357047-01,0,,
CC(=O)[CH-]/C(C)=[O+]\[Cr](/[O+]=C(/C)[CH-]C(C)=O)/[O+]=C(/C)[CH-]C(C)=O,,,,,,,,,,,,,,,,NCGC00357174,NCGC00357174-01,0,,
CC(=O)[CH-]/C(C)=[O+]\[Fe](/[O+]=C(/C)[CH-]C(C)=O)/[O+]=C(/C)[CH-]C(C)=O,,,,,,,,,,,,,,,,NCGC00357090,NCGC00357090-01,0,,
CC(C)=CCC[C@H](C)CC=O,,,,,,,,,,,,,,,,NCGC00357204,NCGC00357204-01,0,,
CCC(=O)OC/C=C(\C)CCC=C(C)C,,,,,,,,,,,,,,,,NCGC00357214,NCGC00357214-01,0,,
CC(C)=CCCC(C)CCOC(=O)C(C)C,,,,,,,,,,,,,,,,NCGC00357124,NCGC00357124-01,0,,
C=CC/C=C/C/C=C/C/C=C/C,,,,,,,,,,,,,,,,NCGC00356983,NCGC00356983-01,0,,
C=C(C)CCCC,,,,,,,,,,,,,,,,NCGC00357092,NCGC00357092-01,0,,
C=C(C)CCO,,,,,,,,,,,,,,,,NCGC00357042,NCGC00357042-01,0,,
C=C[Si](C)(C)Cl,,,,,,,,,,,,,,,,NCGC00357036,NCGC00357036-01,0,,
C=C1CC[C@H]2O[C@]2(C)CC[C@@H]2[C@@H]1CC2(C)C,,,,,,,,,,,,,,,,NCGC00357089,NCGC00357089-01,0,,
C=CC(=O)O[C@@H]1C[C@H]2CC[C@]1(C)C2(C)C,,,,,,,,,,,,,,,,NCGC00357170,NCGC00357170-01,0,,
C=CC(=O)OCCOC1C2CCC1C1CC=CC12,,,,,,,,,,,,,,,,NCGC00357132,NCGC00357132-01,0,,
C=CC(C)(C)O,,,,,,,,,,,,,,,,NCGC00357265,NCGC00357265-01,0,,
C=CC(C)C#N,,,,,,,,,,,,,,,,NCGC00357260,NCGC00357260-01,0,,
C=CC=CC=CCCCCC,,,,,,,,,,,,,,,,NCGC00357023,NCGC00357023-01,0,,
C=Cc1ccncc1,,,,,,,,,,,,,,,,NCGC00357114,NCGC00357114-01,0,,
C=COCCCC,,,,,,,,,,,,,,,,NCGC00357033,NCGC00357033-01,0,,
C=COCCCl,,,,,,,,,,,,,,,,NCGC00357120,NCGC00357120-01,0,,
C1=CCCC1,,,,,,,,,,,,,,,,NCGC00356963,NCGC00356963-01,0,,
c1ccc(-c2ccccc2-c2ccccc2)cc1,,,,,,,,,,,,,,,,NCGC00357055,NCGC00357055-01,0,,
c1ccc2c(c1)CCC2,,,,,,,,,,,,,,,,NCGC00357139,NCGC00357139-01,0,,
c1cc[c]([Sb]([c]2ccccc2)[c]2ccccc2)cc1,,,,,,,,,,,,,,,,NCGC00357242,NCGC00357242-01,0,,
c1cc[nH]c1,,,,,,,,,,,,,,,,NCGC00357161,NCGC00357161-01,0,,
C1CCSC1,,,,,,,,,,,,,,,,NCGC00357279,NCGC00357279-01,0,,
c1ccc2c(c1)-c1ccc3ccc4cccc5cc-2c1c3c45,,,,,,,,,,,,,,,,NCGC00357288,NCGC00357288-01,0,,
C=C(C)C1CCC(C)CC1O,,,,,,,,,,,,,,,,NCGC00356973,NCGC00356973-01,0,,
CCC=C(C)C=O,,,,,,,,,,,,,,,,NCGC00357143,NCGC00357143-01,0,,
CC(=O)CC(N)=O,,,,,,,,,,,,,,,,NCGC00357182,NCGC00357182-01,0,,
CCCC(C)CCC(C)=O,,,,,,,,,,,,,,,,NCGC00356971,NCGC00356971-01,0,,
CCCCCCCCC(C)=O,,,,,,,,,,,,,,,,NCGC00357084,NCGC00357084-01,0,,
CC(=O)O[C@@H]1C[C@@H]2CC[C@@]1(C)C2(C)C,,,,,,,,,,,,,,,,NCGC00357112,NCGC00357112-01,0,,
CC(=O)OCC=C(C)CCC=C(C)CCC=C(C)C,,,,,,,,,,,,,,,,NCGC00356962,NCGC00356962-01,0,,
CCc1cc(C)cc(CC)c1-c1c(OC(=O)C(C)(C)C)n2n(c1=O)CCOCC2,,,,,,,,,,,,,,,,NCGC00356993,NCGC00356993-01,0,,
CC(C)(C)C(O)C(Oc1ccc(-c2ccccc2)cc1)n1cncn1,,,,,,,,,,,,,,,,NCGC00357284,NCGC00357284-01,0,,
CC(C)(C)C1=CC(=O)C(C(C)(C)C)=CC1=O,,,,,,,,,,,,,,,,NCGC00357046,NCGC00357046-01,0,,
CSc1nnc(C(C)(C)C)c(=O)[nH]1,,,,,,,,,,,,,,,,NCGC00357000,NCGC00357000-01,0,,
CCC(C)c1cc(C(C)(C)C)cc(-n2nc3ccccc3n2)c1O,,,,,,,,,,,,,,,,NCGC00357012,NCGC00357012-01,0,,
Cc1cc(C)c(O)c(C(C)(C)C)c1,,,,,,,,,,,,,,,,NCGC00356939,NCGC00356939-01,0,,
CC(C)(C)c1cc(CCC(=O)NCCCCCCNC(=O)CCc2cc(C(C)(C)C)c(O)c(C(C)(C)C)c2)cc(C(C)(C)C)c1O,,,,,,,,,,,,,,,,NCGC00356955,NCGC00356955-01,0,,
CC(C)(C)c1cc(CCC(=O)OCCSCCOC(=O)CCc2cc(C(C)(C)C)c(O)c(C(C)(C)C)c2)cc(C(C)(C)C)c1O,,,,,,,,,,,,,,,,NCGC00357262,NCGC00357262-01,0,,
CC(C)(C)c1ccc(OC2CCCCC2O)cc1,,,,,,,,,,,,,,,,NCGC00356991,NCGC00356991-01,0,,
CC(c1cc(C(C)(C)C)cc(C(C)(C)C)c1O)c1cc(C(C)(C)C)cc(C(C)(C)C)c1O,,,,,,,,,,,,,,,,NCGC00357203,NCGC00357203-01,0,,
CC(CC(C)(C)C)CC(C)(C)CC(C)(C)C,,,,,,,,,,,,,,,,NCGC00357049,NCGC00357049-01,0,,
CC(C)(C)N.CCC[C@H](N[C@@H](C)C(=O)N1[C@H](C(=O)O)C[C@@H]2CCCC[C@@H]21)C(=O)OCC,,,,,,,,,,,,,,,,NCGC00357164,NCGC00357164-01,0,,
CCC(C)(OOC(C)(C)C)OOC(C)(C)C,,,,,,,,,,,,,,,,NCGC00357073,NCGC00357073-01,0,,
CC(C)(COCC1CO1)COCC1CO1,,,,,,,,,,,,,,,,NCGC00357043,NCGC00357043-01,0,,
CC(C)C(=O)C(C)C,,,,,,,,,,,,,,,,NCGC00357269,NCGC00357269-01,0,,
CC(C)C(=O)OCc1ccccc1,,,,,,,,,,,,,,,,NCGC00357266,NCGC00357266-01,0,,
CC(C)C(=O)Cl,,,,,,,,,,,,,,,,NCGC00357076,NCGC00357076-01,0,,
CC(C)c1ccccc1N,,,,,,,,,,,,,,,,NCGC00357153,NCGC00357153-01,0,,
CC(C)CBr,,,,,,,,,,,,,,,,NCGC00357138,NCGC00357138-01,0,,
CC(C)CCOCCC(C)C,,,,,,,,,,,,,,,,NCGC00357071,NCGC00357071-01,0,,
CC=CC(=O)OCC(C)C,,,,,,,,,,,,,,,,NCGC00357274,NCGC00357274-01,0,,
COCCc1ccc(OCC(O)CNC(C)C)cc1,,,,,,,,,,,,,,,,NCGC00356981,NCGC00356981-01,0,,
CC(C)OP(OC(C)C)OC(C)C,,,,,,,,,,,,,,,,NCGC00357278,NCGC00357278-01,0,,
CC(C=O)c1ccccc1,,,,,,,,,,,,,,,,NCGC00357113,NCGC00357113-01,0,,
CC(c1ccccc1)(c1ccc(O)cc1)c1ccc(O)cc1,,,,,,,,,,,,,,,,NCGC00357218,NCGC00357218-01,0,,
CC(c1ccc(O)cc1)c1ccc(O)cc1,,,,,,,,,,,,,,,,NCGC00357018,NCGC00357018-01,0,,
CCC(C)C(=O)OC,,,,,,,,,,,,,,,,NCGC00357048,NCGC00357048-01,0,,
CCC(=O)CC(C)CC,,,,,,,,,,,,,,,,NCGC00357162,NCGC00357162-01,0,,
CCCC(C)C=O,,,,,,,,,,,,,,,,NCGC00356941,NCGC00356941-01,0,,
CCOC(=O)CC(C)O,,,,,,,,,,,,,,,,NCGC00357184,NCGC00357184-01,0,,
CCSC(C)CC1CC(=O)C(/C(CC)=N/OC/C=C/Cl)=C(O)C1,,,,,,,,,,,,,,,,NCGC00357238,NCGC00357238-01,0,,
C/C=C/C(=O)C1=C(C)C=CCC1(C)C,,,,,,,,,,,,,,,,NCGC00357220,NCGC00357220-01,0,,
C=C(/C=C/C)C1=C(C)CCCC1(C)C,,,,,,,,,,,,,,,,NCGC00357252,NCGC00357252-01,0,,
CC=CCO,,,,,,,,,,,,,,,,NCGC00357159,NCGC00357159-01,0,,
CC1(C)C(=O)N(CO)C(=O)N1CO,,,,,,,,,,,,,,,,NCGC00356947,NCGC00356947-01,0,,
CC1(C)COCN1,,,,,,,,,,,,,,,,NCGC00357063,NCGC00357063-01,0,,
CCC1(C)C(=O)N(Cl)C(=O)N1Cl,,,,,,,,,,,,,,,,NCGC00356982,NCGC00356982-01,0,,
Cc1cc(C)[nH]c(=O)n1.O=C(Nc1ccc([N+](=O)[O-])cc1)Nc1ccc([N+](=O)[O-])cc1,,,,,,,,,,,,,,,,NCGC00357219,NCGC00357219-01,0,,
CC1=CC[C@@H](C(C)(C)O)CC1,,,,,,,,,,,,,,,,NCGC00357037,NCGC00357037-01,0,,
CC1=CCC(=O)O1,,,,,,,,,,,,,,,,NCGC00356975,NCGC00356975-01,0,,
Cc1c[nH]c(=O)[nH]c1=O,,,,,,,,,,,,,,,,NCGC00357169,NCGC00357169-01,0,,
Cc1cc(C)c(C=O)c(C)c1,,,,,,,,,,,,,,,,NCGC00357022,NCGC00357022-01,0,,
CC(C)=CC1CC(C)CCO1,,,,,,,,,,,,,,,,NCGC00357165,NCGC00357165-01,0,,
CNC(=O)Oc1cc(C)c(SC)c(C)c1,,,,,,,,,,,,,,,,NCGC00357122,NCGC00357122-01,0,,
Cc1cccc(N(C)C)c1,,,,,,,,,,,,,,,,NCGC00357212,NCGC00357212-01,0,,
Cc1cccc(OP(=O)(Oc2cccc(C)c2)Oc2cccc(C)c2)c1,,,,,,,,,,,,,,,,NCGC00357263,NCGC00357263-01,0,,
CSc1ccc(O)cc1C,,,,,,,,,,,,,,,,NCGC00357052,NCGC00357052-01,0,,
Cc1ccc2[nH]nnc2c1,,,,,,,,,,,,,,,,NCGC00356952,NCGC00356952-01,0,,
Cc1ccc(C=O)cc1,,,,,,,,,,,,,,,,NCGC00357225,NCGC00357225-01,0,,
Cc1ccc(C(=O)Cl)cc1,,,,,,,,,,,,,,,,NCGC00357105,NCGC00357105-01,0,,
CC1CCC(C(C)(C)O)CC1,,,,,,,,,,,,,,,,NCGC00356944,NCGC00356944-01,0,,
Cc1ccc(S(=O)(=O)C(I)I)cc1,,,,,,,,,,,,,,,,NCGC00356977,NCGC00356977-01,0,,
COc1cc(C(C)C)ccc1C,,,,,,,,,,,,,,,,NCGC00357053,NCGC00357053-01,0,,
Cc1ccc(CCl)cc1,,,,,,,,,,,,,,,,NCGC00357202,NCGC00357202-01,0,,
Cc1ccc2nc3sc(=O)sc3nc2c1,,,,,,,,,,,,,,,,NCGC00357013,NCGC00357013-01,0,,
Cc1cccc(C)c1C,,,,,,,,,,,,,,,,NCGC00357131,NCGC00357131-01,0,,
Cc1cccc(C)n1,,,,,,,,,,,,,,,,NCGC00357127,NCGC00357127-01,0,,
C=Cc1cccc(C)c1,,,,,,,,,,,,,,,,NCGC00357147,NCGC00357147-01,0,,
CC1CCCCC1,,,,,,,,,,,,,,,,NCGC00357267,NCGC00357267-01,0,,
CCc1ccccc1C,,,,,,,,,,,,,,,,NCGC00356979,NCGC00356979-01,0,,
Cc1cncc(C)c1,,,,,,,,,,,,,,,,NCGC00357179,NCGC00357179-01,0,,
CC1CNCC(C)O1,,,,,,,,,,,,,,,,NCGC00356945,NCGC00356945-01,0,,
Cc1cnccn1,,,,,,,,,,,,,,,,NCGC00357068,NCGC00357068-01,0,,
COC[C@H](C)N(C(=O)CCl)c1c(C)csc1C,,,,,,,,,,,,,,,,NCGC00357002,NCGC00357002-01,0,,
CC1(C)[C@H]2CC[C@]1(C)C(=O)C2,,,,,,,,,,,,,,,,NCGC00356974,NCGC00356974-01,0,,
Cc1ccc(/N=N/c2c(O)ccc3ccccc23)c(C)c1,,,,,,,,,,,,,,,,NCGC00357109,NCGC00357109-01,0,,
Cc1cccc2c1ccc1ccccc12,,,,,,,,,,,,,,,,NCGC00356988,NCGC00356988-01,0,,
Cc1ccc2sc3cccc(C)c3c2c1,,,,,,,,,,,,,,,,NCGC00357117,NCGC00357117-01,0,,
CCC(=O)O,,,,,,,,,,,,,,,,NCGC00357239,NCGC00357239-01,0,,
CCC(=O)OCC=Cc1ccccc1,,,,,,,,,,,,,,,,NCGC00356961,NCGC00356961-01,0,,
CCC(C)c1ccccc1,,,,,,,,,,,,,,,,NCGC00356966,NCGC00356966-01,0,,
CCC(O)CO,,,,,,,,,,,,,,,,NCGC00356996,NCGC00356996-01,0,,
CCc1c(C)cc(N)c(CC)c1N,,,,,,,,,,,,,,,,NCGC00356950,NCGC00356950-01,0,,
CCc1cccc(CC)c1,,,,,,,,,,,,,,,,NCGC00356969,NCGC00356969-01,0,,
CCC1CCCCC1,,,,,,,,,,,,,,,,NCGC00357050,NCGC00357050-01,0,,
CCc1ccc(C)nc1,,,,,,,,,,,,,,,,NCGC00357258,NCGC00357258-01,0,,
CCCC(O)C(O)CO,,,,,,,,,,,,,,,,NCGC00357186,NCGC00357186-01,0,,
CCCCCCCC(C)=O,,,,,,,,,,,,,,,,NCGC00357115,NCGC00357115-01,0,,
CCCCCCCCc1ccc(Nc2ccc(CCCCCCCC)cc2)cc1,,,,,,,,,,,,,,,,NCGC00356940,NCGC00356940-01,0,,
CCCCCCCCCCc1ccccc1,,,,,,,,,,,,,,,,NCGC00357130,NCGC00357130-01,0,,
CCCCCCCCCCCCCc1ccccc1,,,,,,,,,,,,,,,,NCGC00356959,NCGC00356959-01,0,,
CCCCCCCCCCCCCCCCCO,,,,,,,,,,,,,,,,NCGC00356985,NCGC00356985-01,0,,
CCCCCCS,,,,,,,,,,,,,,,,NCGC00357125,NCGC00357125-01,0,,
CCCCN(C)C,,,,,,,,,,,,,,,,NCGC00357270,NCGC00357270-01,0,,
CCCCOP(=O)(CCCC)OCCCC,,,,,,,,,,,,,,,,NCGC00357031,NCGC00357031-01,0,,
CCCCOP(OCCCC)OCCCC,,,,,,,,,,,,,,,,NCGC00357137,NCGC00357137-01,0,,
CCN(CC)C(=O)Cl,,,,,,,,,,,,,,,,NCGC00357102,NCGC00357102-01,0,,
CCN(CC)c1cccc(C)c1,,,,,,,,,,,,,,,,NCGC00357228,NCGC00357228-01,0,,
CCN(CC)c1ccc(/N=N/c2ccccc2)cc1,,,,,,,,,,,,,,,,NCGC00356965,NCGC00356965-01,0,,
CCN(CC)c1ccc(C=O)cc1,,,,,,,,,,,,,,,,NCGC00357151,NCGC00357151-01,0,,
CCN(CC)c1ccc2c(c1)Oc1cc(N(CC)CC)ccc1C21OC(=O)c2ccccc21,,,,,,,,,,,,,,,,NCGC00357280,NCGC00357280-01,0,,
CCn1c2ccccc2c2ccccc21,,,,,,,,,,,,,,,,NCGC00357097,NCGC00357097-01,0,,
CCOB(OCC)OCC,,,,,,,,,,,,,,,,NCGC00357272,NCGC00357272-01,0,,
CCOC(/C=C(\C)CCC=C(C)C)OCC,,,,,,,,,,,,,,,,NCGC00357229,NCGC00357229-01,0,,
CCOC(=O)OC(=O)OCC,,,,,,,,,,,,,,,,NCGC00357200,NCGC00357200-01,0,,
CC=Cc1ccc(OCC)c(O)c1,,,,,,,,,,,,,,,,NCGC00357273,NCGC00357273-01,0,,
CCCCOCC,,,,,,,,,,,,,,,,NCGC00357088,NCGC00357088-01,0,,
CCOCOCC,,,,,,,,,,,,,,,,NCGC00357101,NCGC00357101-01,0,,
CCOP(=O)(OCC)SCCSCC,,,,,,,,,,,,,,,,NCGC00357287,NCGC00357287-01,0,,
CCOP(=S)(OCC)SCS(=O)(=O)C(C)(C)C,,,,,,,,,,,,,,,,NCGC00357253,NCGC00357253-01,0,,
CCOP(=S)(OCC)SCS(=O)(=O)CC,,,,,,,,,,,,,,,,NCGC00357177,NCGC00357177-01,0,,
CC(Cl)CN(C)C.Cl,,,,,,,,,,,,,,,,NCGC00357152,NCGC00357152-01,0,,
Cl.Cl.Nc1ccc(N)cc1,,,,,,,,,,,,,,,,NCGC00357140,NCGC00357140-01,0,,
CN(C)CCCl.Cl,,,,,,,,,,,,,,,,NCGC00357086,NCGC00357086-01,0,,
Cl.ClCCN1CCOCC1,,,,,,,,,,,,,,,,NCGC00357150,NCGC00357150-01,0,,
Cl.ClCCNCCCl,,,,,,,,,,,,,,,,NCGC00357040,NCGC00357040-01,0,,
CCOC(=O)CN.Cl,,,,,,,,,,,,,,,,NCGC00357232,NCGC00357232-01,0,,
CC1(C)[C@H](C(=O)OCc2cccc(Oc3ccccc3)c2)[C@@H]1C=C(Cl)Cl,,,,,,,,,,,,,,,,NCGC00357172,NCGC00357172-01,0,,
Cl[C@H]1[C@H](Cl)[C@@H](Cl)[C@H](Cl)[C@@H](Cl)[C@H]1Cl,,,,,,,,,,,,,,,,NCGC00357135,NCGC00357135-01,0,,
[Cl][Sn]([c]1ccccc1)([c]1ccccc1)[c]1ccccc1,,,,,,,,,,,,,,,,NCGC00357207,NCGC00357207-01,0,,
CC1(C)[C@H](C(=O)O[C@H](C#N)c2cccc(Oc3ccccc3)c2)[C@@H]1/C=C(\Cl)C(F)(F)F,,,,,,,,,,,,,,,,NCGC00356990,NCGC00356990-01,0,,
Cl/C=C\CCl,,,,,,,,,,,,,,,,NCGC00357276,NCGC00357276-01,0,,
CCCCCCCCCCCC(=O)Cl,,,,,,,,,,,,,,,,NCGC00357016,NCGC00357016-01,0,,
O=C(Cl)OCCOC(=O)Cl,,,,,,,,,,,,,,,,NCGC00357247,NCGC00357247-01,0,,
ClC(c1ccccc1)(c1ccccc1)c1ccccc1,,,,,,,,,,,,,,,,NCGC00357183,NCGC00357183-01,0,,
O=S(=O)(C(Cl)(Cl)Cl)C(Cl)(Cl)Cl,,,,,,,,,,,,,,,,NCGC00357286,NCGC00357286-01,0,,
C#CC1=C(C#C)C(=O)C(Cl)=C(Cl)C1=O,,,,,,,,,,,,,,,,NCGC00357255,NCGC00357255-01,0,,
Cc1cc(Cl)ccc1O[C@H](C)C(=O)O,,,,,,,,,,,,,,,,NCGC00357025,NCGC00357025-01,0,,
C[C@@H](Oc1ccc(Cl)cc1Cl)C(=O)O,,,,,,,,,,,,,,,,NCGC00357008,NCGC00357008-01,0,,
CC(C)N.O=C(O)COc1ccc(Cl)cc1Cl,,,,,,,,,,,,,,,,NCGC00356987,NCGC00356987-01,0,,
Clc1ccc2c(Cl)ccnc2c1,,,,,,,,,,,,,,,,NCGC00357128,NCGC00357128-01,0,,
N#CCc1ccc(Cl)cc1,,,,,,,,,,,,,,,,NCGC00357129,NCGC00357129-01,0,,
Clc1ccc(-c2ccccc2)cc1,,,,,,,,,,,,,,,,NCGC00356978,NCGC00356978-01,0,,
COc1cc2ncnc(Nc3cccc(Cl)c3)c2cc1OC,,,,,,,,,,,,,,,,NCGC00357072,NCGC00357072-01,0,,
Clc1cccc(Cl)n1,,,,,,,,,,,,,,,,NCGC00357195,NCGC00357195-01,0,,
Clc1cccnc1,,,,,,,,,,,,,,,,NCGC00357215,NCGC00357215-01,0,,
Clc1nc2ccccc2s1,,,,,,,,,,,,,,,,NCGC00357038,NCGC00357038-01,0,,
ClC1=C(Cl)[C@]2(Cl)[C@H]3C[C@@H](Cl)C(Cl)[C@H]3[C@@]1(Cl)C2(Cl)Cl,,,,,,,,,,,,,,,,NCGC00357208,NCGC00357208-01,0,,
ClC1=C(Cl)[C@]2(Cl)[C@H]3C[C@H](Cl)C(Cl)[C@H]3[C@@]1(Cl)C2(Cl)Cl,,,,,,,,,,,,,,,,NCGC00357099,NCGC00357099-01,0,,
C[CH2][Hg][N]1C(=O)C2C(C1=O)C1(Cl)C(Cl)=C(Cl)C2(Cl)C1(Cl)Cl,,,,,,,,,,,,,,,,NCGC00357007,NCGC00357007-01,0,,
Clc1cc(Cl)c(-c2c(Cl)c(Cl)cc(Cl)c2Cl)cc1Cl,,,,,,,,,,,,,,,,NCGC00356989,NCGC00356989-01,0,,
Clc1ccc(Oc2ccccc2)cc1,,,,,,,,,,,,,,,,NCGC00357246,NCGC00357246-01,0,,
O=C(NCc1ncc(C(F)(F)F)cc1Cl)c1c(Cl)cccc1Cl,,,,,,,,,,,,,,,,NCGC00357081,NCGC00357081-01,0,,
ClC(Cl)=C(c1ccc(Cl)cc1)c1ccccc1Cl,,,,,,,,,,,,,,,,NCGC00357281,NCGC00357281-01,0,,
NC(=O)CCl,,,,,,,,,,,,,,,,NCGC00357244,NCGC00357244-01,0,,
ClCc1ccccc1CCl,,,,,,,,,,,,,,,,NCGC00357194,NCGC00357194-01,0,,
OCCCCl,,,,,,,,,,,,,,,,NCGC00357193,NCGC00357193-01,0,,
CCCCCCCCCCCCS(=O)(=O)Cl,,,,,,,,,,,,,,,,NCGC00357006,NCGC00357006-01,0,,
C=CC(=O)N(C)C,,,,,,,,,,,,,,,,NCGC00357041,NCGC00357041-01,0,,
CN(C)CCN1CCOCC1,,,,,,,,,,,,,,,,NCGC00357074,NCGC00357074-01,0,,
Cn1cccc1,,,,,,,,,,,,,,,,NCGC00357166,NCGC00357166-01,0,,
CN1CCN(C)CC1,,,,,,,,,,,,,,,,NCGC00357070,NCGC00357070-01,0,,
Cn1ccnc1,,,,,,,,,,,,,,,,NCGC00357222,NCGC00357222-01,0,,
CN1CN(C)CN(C)C1,,,,,,,,,,,,,,,,NCGC00357245,NCGC00357245-01,0,,
CO[Si](CCC1CCC2OC2C1)(OC)OC,,,,,,,,,,,,,,,,NCGC00357217,NCGC00357217-01,0,,
CO[Si](CCCNCCNCCN)(OC)OC,,,,,,,,,,,,,,,,NCGC00357015,NCGC00357015-01,0,,
CO[Si](OC)(c1ccccc1)c1ccccc1,,,,,,,,,,,,,,,,NCGC00357261,NCGC00357261-01,0,,
CCCCCCCC(OC)OC,,,,,,,,,,,,,,,,NCGC00357060,NCGC00357060-01,0,,
CC=Cc1ccc(OC)c(OC)c1,,,,,,,,,,,,,,,,NCGC00357104,NCGC00357104-01,0,,
COc1ccc(C#N)cc1,,,,,,,,,,,,,,,,NCGC00357248,NCGC00357248-01,0,,
COc1ccc(OC)c(C=O)c1,,,,,,,,,,,,,,,,NCGC00357176,NCGC00357176-01,0,,
COc1cccc(OC)c1O,,,,,,,,,,,,,,,,NCGC00357187,NCGC00357187-01,0,,
COc1ccccc1C=O,,,,,,,,,,,,,,,,NCGC00357066,NCGC00357066-01,0,,
CCNc1nc(NC(C)(C)C)nc(OC)n1,,,,,,,,,,,,,,,,NCGC00357154,NCGC00357154-01,0,,
COc1nccnc1CC(C)C,,,,,,,,,,,,,,,,NCGC00357216,NCGC00357216-01,0,,
COc1ccc(OC)c(/N=N/c2c(O)ccc3ccccc23)c1,,,,,,,,,,,,,,,,NCGC00357148,NCGC00357148-01,0,,
COS(=O)(=O)c1ccc(C)cc1,,,,,,,,,,,,,,,,NCGC00357078,NCGC00357078-01,0,,
CS(C)(=O)=O,,,,,,,,,,,,,,,,NCGC00357027,NCGC00357027-01,0,,
COC(=O)N(C(=O)N1COC2(C(=O)OC)Cc3cc(Cl)ccc3C2=N1)c1ccc(OC(F)(F)F)cc1,,,,,,,,,,,,,,,,NCGC00357134,NCGC00357134-01,0,,
N#Cc1ccc(C/C(=N\NC(=O)Nc2ccc(OC(F)(F)F)cc2)c2cccc(C(F)(F)F)c2)cc1,,,,,,,,,,,,,,,,NCGC00357180,NCGC00357180-01,0,,
C/C(=N\NC(=O)Nc1cc(F)cc(F)c1)c1ncccc1C(=O)O,,,,,,,,,,,,,,,,NCGC00356986,NCGC00356986-01,0,,
O=C(O)c1cn(-c2ccc(F)cc2)c2cc(N3CCNCC3)c(F)cc2c1=O,,,,,,,,,,,,,,,,NCGC00356946,NCGC00356946-01,0,,
Oc1c(I)cc(I)cc1I,,,,,,,,,,,,,,,,NCGC00356970,NCGC00356970-01,0,,
Oc1ccc(I)cc1,,,,,,,,,,,,,,,,NCGC00357191,NCGC00357191-01,0,,
N#C/C=C/c1ccccc1,,,,,,,,,,,,,,,,NCGC00357077,NCGC00357077-01,0,,
CC(O)C#N,,,,,,,,,,,,,,,,NCGC00357069,NCGC00357069-01,0,,
N#Cc1cc([N+](=O)[O-])ccc1N,,,,,,,,,,,,,,,,NCGC00356958,NCGC00356958-01,0,,
N#Cc1ccc(O)cc1,,,,,,,,,,,,,,,,NCGC00357121,NCGC00357121-01,0,,
N#Cc1ccccc1Cl,,,,,,,,,,,,,,,,NCGC00357067,NCGC00357067-01,0,,
N#Cc1ccccc1N,,,,,,,,,,,,,,,,NCGC00357243,NCGC00357243-01,0,,
N#CCCO,,,,,,,,,,,,,,,,NCGC00357100,NCGC00357100-01,0,,
N#CCCOCCC#N,,,,,,,,,,,,,,,,NCGC00356960,NCGC00356960-01,0,,
NC(=O)C1CO1,,,,,,,,,,,,,,,,NCGC00357136,NCGC00357136-01,0,,
C=CCOC(N)=O,,,,,,,,,,,,,,,,NCGC00357158,NCGC00357158-01,0,,
Nc1cc([N+](=O)[O-])cc(Cl)c1O,,,,,,,,,,,,,,,,NCGC00356942,NCGC00356942-01,0,,
Nc1cc([N+](=O)[O-])ccc1Cl,,,,,,,,,,,,,,,,NCGC00357126,NCGC00357126-01,0,,
CC(C)(c1ccc(Oc2ccc(N)cc2)cc1)c1ccc(Oc2ccc(N)cc2)cc1,,,,,,,,,,,,,,,,NCGC00357110,NCGC00357110-01,0,,
Nc1ccc(Oc2cccc(Oc3ccc(N)cc3)c2)cc1,,,,,,,,,,,,,,,,NCGC00357178,NCGC00357178-01,0,,
Nc1ccc([N+](=O)[O-])cc1Cl,,,,,,,,,,,,,,,,NCGC00357167,NCGC00357167-01,0,,
Nc1cccnc1N,,,,,,,,,,,,,,,,NCGC00357096,NCGC00357096-01,0,,
Nc1ccc(Cl)cc1C(=O)c1ccccc1,,,,,,,,,,,,,,,,NCGC00357230,NCGC00357230-01,0,,
NCc1ccco1,,,,,,,,,,,,,,,,NCGC00357257,NCGC00357257-01,0,,
COP(N)(=S)OC,,,,,,,,,,,,,,,,NCGC00356951,NCGC00356951-01,0,,
O.O.O.O.O.O.[Cl][Dy]([Cl])[Cl],,,,,,,,,,,,,,,,NCGC00357241,NCGC00357241-01,0,,
O.O.O.O.O.O.[Cl][Eu]([Cl])[Cl],,,,,,,,,,,,,,,,NCGC00357024,NCGC00357024-01,0,,
O.O.O.O.O.O.[Cl][Sc]([Cl])[Cl],,,,,,,,,,,,,,,,NCGC00357233,NCGC00357233-01,0,,
O=C[C@H](O)[C@H](O)[C@H](O)CO,,,,,,,,,,,,,,,,NCGC00357197,NCGC00357197-01,0,,
C[C@]12CC[C@H](O)C[C@H]1CC[C@@H]1[C@@H]2C[C@@H](O)[C@]2(C)[C@@H](C3=CC(=O)OC3)CC[C@]12O,,,,,,,,,,,,,,,,NCGC00357149,NCGC00357149-01,0,,
CCOC(=O)[C@H](O)[C@@H](O)C(=O)OCC,,,,,,,,,,,,,,,,NCGC00357142,NCGC00357142-01,0,,
O[Si](c1ccccc1)(c1ccccc1)c1ccccc1,,,,,,,,,,,,,,,,NCGC00357231,NCGC00357231-01,0,,
O=[N+]([O-])c1cc(Cl)ccc1Cl,,,,,,,,,,,,,,,,NCGC00357044,NCGC00357044-01,0,,
Nc1ccc(Cl)c([N+](=O)[O-])c1,,,,,,,,,,,,,,,,NCGC00357209,NCGC00357209-01,0,,
Nc1ccc(F)c([N+](=O)[O-])c1,,,,,,,,,,,,,,,,NCGC00357045,NCGC00357045-01,0,,
O=[N+]([O-])c1ccc([N+](=O)[O-])cc1,,,,,,,,,,,,,,,,NCGC00357075,NCGC00357075-01,0,,
COC(=O)c1ccc([N+](=O)[O-])cc1,,,,,,,,,,,,,,,,NCGC00356938,NCGC00356938-01,0,,
O=[N+]([O-])c1ccc(CO)cc1,,,,,,,,,,,,,,,,NCGC00357065,NCGC00357065-01,0,,
O=C(c1ccccc1)C(Cl)Cl,,,,,,,,,,,,,,,,NCGC00357094,NCGC00357094-01,0,,
CCOC(OCC)C(=O)c1ccccc1,,,,,,,,,,,,,,,,NCGC00357083,NCGC00357083-01,0,,
CC(=O)c1ccc(-c2ccccc2)cc1,,,,,,,,,,,,,,,,NCGC00357085,NCGC00357085-01,0,,
CC(=O)c1ccccc1N,,,,,,,,,,,,,,,,NCGC00357236,NCGC00357236-01,0,,
CC(=O)OC1CCCCC1,,,,,,,,,,,,,,,,NCGC00357035,NCGC00357035-01,0,,
C=CC(=O)OCCN(CC)CC,,,,,,,,,,,,,,,,NCGC00357108,NCGC00357108-01,0,,
COC(=O)C=Cc1ccccc1,,,,,,,,,,,,,,,,NCGC00357235,NCGC00357235-01,0,,
O=C(c1ccccc1)c1ccc(Cl)cc1,,,,,,,,,,,,,,,,NCGC00357224,NCGC00357224-01,0,,
CCCC(=O)OC(OC(=O)CCC)OC(=O)CCC,,,,,,,,,,,,,,,,NCGC00357211,NCGC00357211-01,0,,
CCCCCCCC(=O)OCC,,,,,,,,,,,,,,,,NCGC00357039,NCGC00357039-01,0,,
CC/C=C\C/C=C\C/C=C\CCCCCCCC(=O)OC,,,,,,,,,,,,,,,,NCGC00357264,NCGC00357264-01,0,,
CN(CCCC(=O)c1cccnc1)N=O,,,,,,,,,,,,,,,,NCGC00357285,NCGC00357285-01,0,,
O=C(Cl)c1ccc(Cl)cc1,,,,,,,,,,,,,,,,NCGC00357032,NCGC00357032-01,0,,
O=C(Cl)c1ccc(Cl)cc1Cl,,,,,,,,,,,,,,,,NCGC00357146,NCGC00357146-01,0,,
O=C(Cl)Oc1ccccc1,,,,,,,,,,,,,,,,NCGC00357059,NCGC00357059-01,0,,
NC(=O)c1ccccc1Cl,,,,,,,,,,,,,,,,NCGC00357061,NCGC00357061-01,0,,
NC(=O)c1ccc(N)nc1,,,,,,,,,,,,,,,,NCGC00357190,NCGC00357190-01,0,,
CCOC(=O)c1ccccc1S(=O)(=O)NC(=O)Nc1nc(Cl)cc(OC)n1,,,,,,,,,,,,,,,,NCGC00356943,NCGC00356943-01,0,,
COc1cc(OC)nc(NC(=O)NS(=O)(=O)Nc2ccccc2C(=O)N(C)C)n1,,,,,,,,,,,,,,,,NCGC00357237,NCGC00357237-01,0,,
CCc1cccc(C)c1N(C(=O)C(=O)O)C(C)COC,,,,,,,,,,,,,,,,NCGC00357005,NCGC00357005-01,0,,
C/C(=C\c1ccc(C(=O)O)cc1)c1ccc2c(c1)C(C)(C)CCC2(C)C,,,,,,,,,,,,,,,,NCGC00357251,NCGC00357251-01,0,,
O=C(O)CN(CCCN(CC(=O)O)CC(=O)O)CC(=O)O,,,,,,,,,,,,,,,,NCGC00357034,NCGC00357034-01,0,,
CCOc1nc(F)cc2nc(S(=O)(=O)Nc3c(Cl)cccc3C(=O)OC)nn12,,,,,,,,,,,,,,,,NCGC00356992,NCGC00356992-01,0,,
COCCC(=O)OC,,,,,,,,,,,,,,,,NCGC00357254,NCGC00357254-01,0,,
CCOC=C(C(=O)OCC)C(=O)OCC,,,,,,,,,,,,,,,,NCGC00357199,NCGC00357199-01,0,,
CCOC(=O)C1=NN(c2ccc(Cl)cc2Cl)C(C)(C(=O)OCC)C1,,,,,,,,,,,,,,,,NCGC00356957,NCGC00356957-01,0,,
CCCCCCCOC(=O)c1ccccc1C(=O)OCCCCCCC,,,,,,,,,,,,,,,,NCGC00356968,NCGC00356968-01,0,,
O=C=NCc1cccc(CN=C=O)c1,,,,,,,,,,,,,,,,NCGC00357268,NCGC00357268-01,0,,
Cc1cc(=O)[nH]c(=O)[nH]1,,,,,,,,,,,,,,,,NCGC00357256,NCGC00357256-01,0,,
O=c1cccc[nH]1,,,,,,,,,,,,,,,,NCGC00357141,NCGC00357141-01,0,,
Cn1sccc1=O,,,,,,,,,,,,,,,,NCGC00357093,NCGC00357093-01,0,,
Cn1c(=O)[nH]c2ncn(C)c2c1=O,,,,,,,,,,,,,,,,NCGC00357087,NCGC00357087-01,0,,
O=C1Cc2ccccc2C1,,,,,,,,,,,,,,,,NCGC00357223,NCGC00357223-01,0,,
O=C1CCC(=O)N1,,,,,,,,,,,,,,,,NCGC00357119,NCGC00357119-01,0,,
CC(C)(C)c1n[nH]c(=O)n(N)c1=O,,,,,,,,,,,,,,,,NCGC00357003,NCGC00357003-01,0,,
O=C1OCc2ccccc21,,,,,,,,,,,,,,,,NCGC00357058,NCGC00357058-01,0,,
O=C1C=CC(=O)c2ccccc21,,,,,,,,,,,,,,,,NCGC00357275,NCGC00357275-01,0,,
CCCCNc1ccc(NCCCC)c2c1C(=O)c1ccccc1C2=O,,,,,,,,,,,,,,,,NCGC00357014,NCGC00357014-01,0,,
Nc1c(Oc2ccccc2)cc(O)c2c1C(=O)c1ccccc1C2=O,,,,,,,,,,,,,,,,NCGC00357011,NCGC00357011-01,0,,
O=C1C=CC(=O)N1c1cccc(N2C(=O)C=CC2=O)c1,,,,,,,,,,,,,,,,NCGC00356976,NCGC00356976-01,0,,
O=C1c2ccccc2C(=O)c2c(Cl)cccc21,,,,,,,,,,,,,,,,NCGC00357175,NCGC00357175-01,0,,
C[C@]12CC[C@@H](O)C[C@@H]1CC[C@@H]1[C@@H]2CC[C@]2(C)C(=O)CC[C@@H]12,,,,,,,,,,,,,,,,NCGC00357021,NCGC00357021-01,0,,
O=C1OC(=O)c2ccc3c4c(ccc1c24)C(=O)OC3=O,,,,,,,,,,,,,,,,NCGC00357221,NCGC00357221-01,0,,
CC(=O)C=O,,,,,,,,,,,,,,,,NCGC00356972,NCGC00356972-01,0,,
O=CC1CC1,,,,,,,,,,,,,,,,NCGC00357133,NCGC00357133-01,0,,
CCN(CC)c1ccc(C=O)c(O)c1,,,,,,,,,,,,,,,,NCGC00357181,NCGC00357181-01,0,,
Cc1cc(C)c(C(=O)P(=O)(c2ccccc2)c2ccccc2)c(C)c1,,,,,,,,,,,,,,,,NCGC00357056,NCGC00357056-01,0,,
COP(=O)(CCC(=O)NCO)OC,,,,,,,,,,,,,,,,NCGC00356980,NCGC00356980-01,0,,
CC1=CP(=O)(c2ccccc2)CC1,,,,,,,,,,,,,,,,NCGC00357206,NCGC00357206-01,0,,
CCOP(=S)(OCC)SCCS(=O)(=O)CC,,,,,,,,,,,,,,,,NCGC00357250,NCGC00357250-01,0,,
CCS(=O)(=O)c1cccnc1S(=O)(=O)NC(=O)Nc1nc(OC)cc(OC)n1,,,,,,,,,,,,,,,,NCGC00357227,NCGC00357227-01,0,,
CCc1cccc(C)c1N(C(=O)CS(=O)(=O)O)C(C)COC,,,,,,,,,,,,,,,,NCGC00356997,NCGC00356997-01,0,,
CCOCN(C(=O)CS(=O)(=O)O)c1c(C)cccc1CC,,,,,,,,,,,,,,,,NCGC00356998,NCGC00356998-01,0,,
CN(CCCC(O)c1cccnc1)N=O,,,,,,,,,,,,,,,,NCGC00357282,NCGC00357282-01,0,,
OC(Cc1ccccc1Cl)(Cn1cncn1)C1(Cl)CC1,,,,,,,,,,,,,,,,NCGC00357029,NCGC00357029-01,0,,
Cc1ccc(C2OC[C@@H]3OC(c4ccc(C)cc4)O[C@H]([C@H](O)CO)[C@@H]3O2)cc1,,,,,,,,,,,,,,,,NCGC00356948,NCGC00356948-01,0,,
O=c1[nH]cccc1O,,,,,,,,,,,,,,,,NCGC00357054,NCGC00357054-01,0,,
CCCCCCCCSCc1cc(C)c(O)c(CSCCCCCCCC)c1,,,,,,,,,,,,,,,,NCGC00356956,NCGC00356956-01,0,,
Oc1cccc(-c2ccccc2)c1,,,,,,,,,,,,,,,,NCGC00356994,NCGC00356994-01,0,,
Oc1cc2ccccc2cc1O,,,,,,,,,,,,,,,,NCGC00356949,NCGC00356949-01,0,,
C=Cc1ccc(O)c(OC)c1,,,,,,,,,,,,,,,,NCGC00357234,NCGC00357234-01,0,,
CCCCCc1ccc(O)cc1,,,,,,,,,,,,,,,,NCGC00356967,NCGC00356967-01,0,,
Cc1c(Cl)c(=O)oc2cc(O)ccc12,,,,,,,,,,,,,,,,NCGC00357111,NCGC00357111-01,0,,
Oc1ccc2c(c1)CCC2,,,,,,,,,,,,,,,,NCGC00357155,NCGC00357155-01,0,,
COc1cccc(O)c1,,,,,,,,,,,,,,,,NCGC00357098,NCGC00357098-01,0,,
Oc1ccccc1Br,,,,,,,,,,,,,,,,NCGC00357156,NCGC00357156-01,0,,
O=S(=O)(c1ccc(OCc2ccccc2)cc1)c1ccccc1O,,,,,,,,,,,,,,,,NCGC00357019,NCGC00357019-01,0,,
Oc1ccncc1,,,,,,,,,,,,,,,,NCGC00357095,NCGC00357095-01,0,,
Cc1ccc(O)cn1,,,,,,,,,,,,,,,,NCGC00357226,NCGC00357226-01,0,,
CC(=O)Nc1ccc(/N=N/c2cc(C)ccc2O)cc1,,,,,,,,,,,,,,,,NCGC00357249,NCGC00357249-01,0,,
CC(C)(c1ccc(O)c(-c2ccccc2)c1)c1ccc(O)c(-c2ccccc2)c1,,,,,,,,,,,,,,,,NCGC00357017,NCGC00357017-01,0,,
Oc1ccc(C2(c3ccc(O)c(C4CCCCC4)c3)CCCCC2)cc1C1CCCCC1,,,,,,,,,,,,,,,,NCGC00357259,NCGC00357259-01,0,,
Oc1cccc2c(O)cccc12,,,,,,,,,,,,,,,,NCGC00357051,NCGC00357051-01,0,,
OCCC(O)CO,,,,,,,,,,,,,,,,NCGC00356954,NCGC00356954-01,0,,
OCCCc1cccnc1,,,,,,,,,,,,,,,,NCGC00357020,NCGC00357020-01,0,,
OCCCS,,,,,,,,,,,,,,,,NCGC00357168,NCGC00357168-01,0,,
OCCN1CN(CCO)CN(CCO)C1,,,,,,,,,,,,,,,,NCGC00357283,NCGC00357283-01,0,,
Cn1[nH]nnc1=S,,,,,,,,,,,,,,,,NCGC00357210,NCGC00357210-01,0,,
OC(Cc1ccccc1Cl)(Cn1[nH]cnc1=S)C1(Cl)CC1,,,,,,,,,,,,,,,,NCGC00357118,NCGC00357118-01,0,,
SCc1ccco1,,,,,,,,,,,,,,,,NCGC00357144,NCGC00357144-01,0,,
